{
  "ABIRoot": {
    "kind": "Root",
    "name": "TopLevel",
    "printedName": "TopLevel",
    "children": [
      {
        "kind": "Import",
        "name": "Foundation",
        "printedName": "Foundation",
        "declKind": "Import",
        "moduleName": "flutter_icmp_ping",
        "declAttributes": [
          "RawDocComment"
        ]
      },
      {
        "kind": "TypeDecl",
        "name": "GBPingHelper",
        "printedName": "GBPingHelper",
        "children": [
          {
            "kind": "Constructor",
            "name": "init",
            "printedName": "init()",
            "children": [
              {
                "kind": "TypeNominal",
                "name": "GBPingHelper",
                "printedName": "flutter_icmp_ping.GBPingHelper",
                "usr": "c:@M@flutter_icmp_ping@objc(cs)GBPingHelper"
              }
            ],
            "declKind": "Constructor",
            "usr": "c:@M@flutter_icmp_ping@objc(cs)GBPingHelper(im)init",
            "mangledName": "$s17flutter_icmp_ping12GBPingHelperCACycfc",
            "moduleName": "flutter_icmp_ping",
            "overriding": true,
            "implicit": true,
            "objc_name": "init",
            "declAttributes": [
              "Dynamic",
              "ObjC",
              "Override"
            ],
            "init_kind": "Designated"
          }
        ],
        "declKind": "Class",
        "usr": "c:@M@flutter_icmp_ping@objc(cs)GBPingHelper",
        "mangledName": "$s17flutter_icmp_ping12GBPingHelperC",
        "moduleName": "flutter_icmp_ping",
        "declAttributes": [
          "AccessControl",
          "ObjC"
        ],
        "superclassUsr": "c:objc(cs)NSObject",
        "inheritsConvenienceInitializers": true,
        "superclassNames": [
          "ObjectiveC.NSObject"
        ],
        "conformances": [
          {
            "kind": "Conformance",
            "name": "Equatable",
            "printedName": "Equatable",
            "usr": "s:SQ",
            "mangledName": "$sSQ"
          },
          {
            "kind": "Conformance",
            "name": "Hashable",
            "printedName": "Hashable",
            "usr": "s:SH",
            "mangledName": "$sSH"
          },
          {
            "kind": "Conformance",
            "name": "CVarArg",
            "printedName": "CVarArg",
            "usr": "s:s7CVarArgP",
            "mangledName": "$ss7CVarArgP"
          },
          {
            "kind": "Conformance",
            "name": "_KeyValueCodingAndObservingPublishing",
            "printedName": "_KeyValueCodingAndObservingPublishing",
            "usr": "s:10Foundation37_KeyValueCodingAndObservingPublishingP",
            "mangledName": "$s10Foundation37_KeyValueCodingAndObservingPublishingP"
          },
          {
            "kind": "Conformance",
            "name": "_KeyValueCodingAndObserving",
            "printedName": "_KeyValueCodingAndObserving",
            "usr": "s:10Foundation27_KeyValueCodingAndObservingP",
            "mangledName": "$s10Foundation27_KeyValueCodingAndObservingP"
          },
          {
            "kind": "Conformance",
            "name": "CustomStringConvertible",
            "printedName": "CustomStringConvertible",
            "usr": "s:s23CustomStringConvertibleP",
            "mangledName": "$ss23CustomStringConvertibleP"
          },
          {
            "kind": "Conformance",
            "name": "CustomDebugStringConvertible",
            "printedName": "CustomDebugStringConvertible",
            "usr": "s:s28CustomDebugStringConvertibleP",
            "mangledName": "$ss28CustomDebugStringConvertibleP"
          }
        ]
      },
      {
        "kind": "Import",
        "name": "Flutter",
        "printedName": "Flutter",
        "declKind": "Import",
        "moduleName": "flutter_icmp_ping"
      },
      {
        "kind": "Import",
        "name": "UIKit",
        "printedName": "UIKit",
        "declKind": "Import",
        "moduleName": "flutter_icmp_ping"
      },
      {
        "kind": "TypeDecl",
        "name": "SwiftFlutterIcmpPingPlugin",
        "printedName": "SwiftFlutterIcmpPingPlugin",
        "children": [
          {
            "kind": "Function",
            "name": "register",
            "printedName": "register(with:)",
            "children": [
              {
                "kind": "TypeNominal",
                "name": "Void",
                "printedName": "()"
              },
              {
                "kind": "TypeNominal",
                "name": "FlutterPluginRegistrar",
                "printedName": "Flutter.FlutterPluginRegistrar",
                "usr": "c:objc(pl)FlutterPluginRegistrar"
              }
            ],
            "declKind": "Func",
            "usr": "c:@M@flutter_icmp_ping@objc(cs)SwiftFlutterIcmpPingPlugin(cm)registerWithRegistrar:",
            "mangledName": "$s17flutter_icmp_ping26SwiftFlutterIcmpPingPluginC8register4withySo0eH9Registrar_p_tFZ",
            "moduleName": "flutter_icmp_ping",
            "static": true,
            "objc_name": "registerWithRegistrar:",
            "declAttributes": [
              "Final",
              "ObjC",
              "AccessControl"
            ],
            "funcSelfKind": "NonMutating"
          },
          {
            "kind": "Function",
            "name": "handle",
            "printedName": "handle(_:result:)",
            "children": [
              {
                "kind": "TypeNominal",
                "name": "Void",
                "printedName": "()"
              },
              {
                "kind": "TypeNominal",
                "name": "FlutterMethodCall",
                "printedName": "Flutter.FlutterMethodCall",
                "usr": "c:objc(cs)FlutterMethodCall"
              },
              {
                "kind": "TypeFunc",
                "name": "Function",
                "printedName": "(Any?) -> ()",
                "children": [
                  {
                    "kind": "TypeNominal",
                    "name": "Void",
                    "printedName": "()"
                  },
                  {
                    "kind": "TypeNominal",
                    "name": "Optional",
                    "printedName": "Any?",
                    "children": [
                      {
                        "kind": "TypeNominal",
                        "name": "ProtocolComposition",
                        "printedName": "Any"
                      }
                    ],
                    "usr": "s:Sq"
                  }
                ]
              }
            ],
            "declKind": "Func",
            "usr": "c:@M@flutter_icmp_ping@objc(cs)SwiftFlutterIcmpPingPlugin(im)handleMethodCall:result:",
            "mangledName": "$s17flutter_icmp_ping26SwiftFlutterIcmpPingPluginC6handle_6resultySo0E10MethodCallC_yypSgctF",
            "moduleName": "flutter_icmp_ping",
            "objc_name": "handleMethodCall:result:",
            "declAttributes": [
              "ObjC",
              "AccessControl"
            ],
            "funcSelfKind": "NonMutating"
          },
          {
            "kind": "Function",
            "name": "onListen",
            "printedName": "onListen(withArguments:eventSink:)",
            "children": [
              {
                "kind": "TypeNominal",
                "name": "Optional",
                "printedName": "Flutter.FlutterError?",
                "children": [
                  {
                    "kind": "TypeNominal",
                    "name": "FlutterError",
                    "printedName": "Flutter.FlutterError",
                    "usr": "c:objc(cs)FlutterError"
                  }
                ],
                "usr": "s:Sq"
              },
              {
                "kind": "TypeNominal",
                "name": "Optional",
                "printedName": "Any?",
                "children": [
                  {
                    "kind": "TypeNominal",
                    "name": "ProtocolComposition",
                    "printedName": "Any"
                  }
                ],
                "usr": "s:Sq"
              },
              {
                "kind": "TypeFunc",
                "name": "Function",
                "printedName": "(Any?) -> ()",
                "children": [
                  {
                    "kind": "TypeNominal",
                    "name": "Void",
                    "printedName": "()"
                  },
                  {
                    "kind": "TypeNominal",
                    "name": "Optional",
                    "printedName": "Any?",
                    "children": [
                      {
                        "kind": "TypeNominal",
                        "name": "ProtocolComposition",
                        "printedName": "Any"
                      }
                    ],
                    "usr": "s:Sq"
                  }
                ]
              }
            ],
            "declKind": "Func",
            "usr": "c:@M@flutter_icmp_ping@objc(cs)SwiftFlutterIcmpPingPlugin(im)onListenWithArguments:eventSink:",
            "mangledName": "$s17flutter_icmp_ping26SwiftFlutterIcmpPingPluginC8onListen13withArguments9eventSinkSo0E5ErrorCSgypSg_yAJctF",
            "moduleName": "flutter_icmp_ping",
            "objc_name": "onListenWithArguments:eventSink:",
            "declAttributes": [
              "ObjC",
              "AccessControl"
            ],
            "funcSelfKind": "NonMutating"
          },
          {
            "kind": "Function",
            "name": "onCancel",
            "printedName": "onCancel(withArguments:)",
            "children": [
              {
                "kind": "TypeNominal",
                "name": "Optional",
                "printedName": "Flutter.FlutterError?",
                "children": [
                  {
                    "kind": "TypeNominal",
                    "name": "FlutterError",
                    "printedName": "Flutter.FlutterError",
                    "usr": "c:objc(cs)FlutterError"
                  }
                ],
                "usr": "s:Sq"
              },
              {
                "kind": "TypeNominal",
                "name": "Optional",
                "printedName": "Any?",
                "children": [
                  {
                    "kind": "TypeNominal",
                    "name": "ProtocolComposition",
                    "printedName": "Any"
                  }
                ],
                "usr": "s:Sq"
              }
            ],
            "declKind": "Func",
            "usr": "c:@M@flutter_icmp_ping@objc(cs)SwiftFlutterIcmpPingPlugin(im)onCancelWithArguments:",
            "mangledName": "$s17flutter_icmp_ping26SwiftFlutterIcmpPingPluginC8onCancel13withArgumentsSo0E5ErrorCSgypSg_tF",
            "moduleName": "flutter_icmp_ping",
            "objc_name": "onCancelWithArguments:",
            "declAttributes": [
              "ObjC",
              "AccessControl"
            ],
            "funcSelfKind": "NonMutating"
          },
          {
            "kind": "Constructor",
            "name": "init",
            "printedName": "init()",
            "children": [
              {
                "kind": "TypeNominal",
                "name": "SwiftFlutterIcmpPingPlugin",
                "printedName": "flutter_icmp_ping.SwiftFlutterIcmpPingPlugin",
                "usr": "c:@M@flutter_icmp_ping@objc(cs)SwiftFlutterIcmpPingPlugin"
              }
            ],
            "declKind": "Constructor",
            "usr": "c:@M@flutter_icmp_ping@objc(cs)SwiftFlutterIcmpPingPlugin(im)init",
            "mangledName": "$s17flutter_icmp_ping26SwiftFlutterIcmpPingPluginCACycfc",
            "moduleName": "flutter_icmp_ping",
            "overriding": true,
            "implicit": true,
            "objc_name": "init",
            "declAttributes": [
              "Dynamic",
              "ObjC",
              "Override"
            ],
            "init_kind": "Designated"
          }
        ],
        "declKind": "Class",
        "usr": "c:@M@flutter_icmp_ping@objc(cs)SwiftFlutterIcmpPingPlugin",
        "mangledName": "$s17flutter_icmp_ping26SwiftFlutterIcmpPingPluginC",
        "moduleName": "flutter_icmp_ping",
        "declAttributes": [
          "AccessControl",
          "ObjC"
        ],
        "superclassUsr": "c:objc(cs)NSObject",
        "inheritsConvenienceInitializers": true,
        "superclassNames": [
          "ObjectiveC.NSObject"
        ],
        "conformances": [
          {
            "kind": "Conformance",
            "name": "Equatable",
            "printedName": "Equatable",
            "usr": "s:SQ",
            "mangledName": "$sSQ"
          },
          {
            "kind": "Conformance",
            "name": "Hashable",
            "printedName": "Hashable",
            "usr": "s:SH",
            "mangledName": "$sSH"
          },
          {
            "kind": "Conformance",
            "name": "CVarArg",
            "printedName": "CVarArg",
            "usr": "s:s7CVarArgP",
            "mangledName": "$ss7CVarArgP"
          },
          {
            "kind": "Conformance",
            "name": "_KeyValueCodingAndObservingPublishing",
            "printedName": "_KeyValueCodingAndObservingPublishing",
            "usr": "s:10Foundation37_KeyValueCodingAndObservingPublishingP",
            "mangledName": "$s10Foundation37_KeyValueCodingAndObservingPublishingP"
          },
          {
            "kind": "Conformance",
            "name": "_KeyValueCodingAndObserving",
            "printedName": "_KeyValueCodingAndObserving",
            "usr": "s:10Foundation27_KeyValueCodingAndObservingP",
            "mangledName": "$s10Foundation27_KeyValueCodingAndObservingP"
          },
          {
            "kind": "Conformance",
            "name": "CustomStringConvertible",
            "printedName": "CustomStringConvertible",
            "usr": "s:s23CustomStringConvertibleP",
            "mangledName": "$ss23CustomStringConvertibleP"
          },
          {
            "kind": "Conformance",
            "name": "CustomDebugStringConvertible",
            "printedName": "CustomDebugStringConvertible",
            "usr": "s:s28CustomDebugStringConvertibleP",
            "mangledName": "$ss28CustomDebugStringConvertibleP"
          }
        ]
      }
    ],
    "json_format_version": 8
  },
  "ConstValues": [
    {
      "filePath": "\/Users\/jinhua\/flutter-3.0.0\/.pub-cache\/hosted\/pub.dartlang.org\/flutter_icmp_ping-3.1.2\/ios\/Classes\/GBPingHelper.swift",
      "kind": "IntegerLiteral",
      "offset": 635,
      "length": 1,
      "value": "0"
    },
    {
      "filePath": "\/Users\/jinhua\/flutter-3.0.0\/.pub-cache\/hosted\/pub.dartlang.org\/flutter_icmp_ping-3.1.2\/ios\/Classes\/GBPingHelper.swift",
      "kind": "StringLiteral",
      "offset": 877,
      "length": 7,
      "value": "\"error\""
    },
    {
      "filePath": "\/Users\/jinhua\/flutter-3.0.0\/.pub-cache\/hosted\/pub.dartlang.org\/flutter_icmp_ping-3.1.2\/ios\/Classes\/GBPingHelper.swift",
      "kind": "StringLiteral",
      "offset": 886,
      "length": 13,
      "value": "\"UnknownHost\""
    },
    {
      "filePath": "\/Users\/jinhua\/flutter-3.0.0\/.pub-cache\/hosted\/pub.dartlang.org\/flutter_icmp_ping-3.1.2\/ios\/Classes\/GBPingHelper.swift",
      "kind": "StringLiteral",
      "offset": 938,
      "length": 7,
      "value": "\"error\""
    },
    {
      "filePath": "\/Users\/jinhua\/flutter-3.0.0\/.pub-cache\/hosted\/pub.dartlang.org\/flutter_icmp_ping-3.1.2\/ios\/Classes\/GBPingHelper.swift",
      "kind": "StringLiteral",
      "offset": 947,
      "length": 14,
      "value": "\"UnknownError\""
    },
    {
      "filePath": "\/Users\/jinhua\/flutter-3.0.0\/.pub-cache\/hosted\/pub.dartlang.org\/flutter_icmp_ping-3.1.2\/ios\/Classes\/GBPingHelper.swift",
      "kind": "IntegerLiteral",
      "offset": 1052,
      "length": 1,
      "value": "0"
    },
    {
      "filePath": "\/Users\/jinhua\/flutter-3.0.0\/.pub-cache\/hosted\/pub.dartlang.org\/flutter_icmp_ping-3.1.2\/ios\/Classes\/GBPingHelper.swift",
      "kind": "IntegerLiteral",
      "offset": 1087,
      "length": 1,
      "value": "0"
    },
    {
      "filePath": "\/Users\/jinhua\/flutter-3.0.0\/.pub-cache\/hosted\/pub.dartlang.org\/flutter_icmp_ping-3.1.2\/ios\/Classes\/GBPingHelper.swift",
      "kind": "IntegerLiteral",
      "offset": 1289,
      "length": 1,
      "value": "0"
    },
    {
      "filePath": "\/Users\/jinhua\/flutter-3.0.0\/.pub-cache\/hosted\/pub.dartlang.org\/flutter_icmp_ping-3.1.2\/ios\/Classes\/GBPingHelper.swift",
      "kind": "IntegerLiteral",
      "offset": 1315,
      "length": 1,
      "value": "0"
    },
    {
      "filePath": "\/Users\/jinhua\/flutter-3.0.0\/.pub-cache\/hosted\/pub.dartlang.org\/flutter_icmp_ping-3.1.2\/ios\/Classes\/GBPingHelper.swift",
      "kind": "Dictionary",
      "offset": 1469,
      "length": 3,
      "value": "[]"
    },
    {
      "filePath": "\/Users\/jinhua\/flutter-3.0.0\/.pub-cache\/hosted\/pub.dartlang.org\/flutter_icmp_ping-3.1.2\/ios\/Classes\/GBPingHelper.swift",
      "kind": "StringLiteral",
      "offset": 1481,
      "length": 5,
      "value": "\"seq\""
    },
    {
      "filePath": "\/Users\/jinhua\/flutter-3.0.0\/.pub-cache\/hosted\/pub.dartlang.org\/flutter_icmp_ping-3.1.2\/ios\/Classes\/GBPingHelper.swift",
      "kind": "StringLiteral",
      "offset": 1521,
      "length": 6,
      "value": "\"host\""
    },
    {
      "filePath": "\/Users\/jinhua\/flutter-3.0.0\/.pub-cache\/hosted\/pub.dartlang.org\/flutter_icmp_ping-3.1.2\/ios\/Classes\/GBPingHelper.swift",
      "kind": "StringLiteral",
      "offset": 1552,
      "length": 4,
      "value": "\"ip\""
    },
    {
      "filePath": "\/Users\/jinhua\/flutter-3.0.0\/.pub-cache\/hosted\/pub.dartlang.org\/flutter_icmp_ping-3.1.2\/ios\/Classes\/GBPingHelper.swift",
      "kind": "StringLiteral",
      "offset": 1579,
      "length": 5,
      "value": "\"ttl\""
    },
    {
      "filePath": "\/Users\/jinhua\/flutter-3.0.0\/.pub-cache\/hosted\/pub.dartlang.org\/flutter_icmp_ping-3.1.2\/ios\/Classes\/GBPingHelper.swift",
      "kind": "StringLiteral",
      "offset": 1608,
      "length": 6,
      "value": "\"time\""
    },
    {
      "filePath": "\/Users\/jinhua\/flutter-3.0.0\/.pub-cache\/hosted\/pub.dartlang.org\/flutter_icmp_ping-3.1.2\/ios\/Classes\/GBPingHelper.swift",
      "kind": "StringLiteral",
      "offset": 1638,
      "length": 7,
      "value": "\"error\""
    },
    {
      "filePath": "\/Users\/jinhua\/flutter-3.0.0\/.pub-cache\/hosted\/pub.dartlang.org\/flutter_icmp_ping-3.1.2\/ios\/Classes\/GBPingHelper.swift",
      "kind": "IntegerLiteral",
      "offset": 1768,
      "length": 1,
      "value": "1"
    },
    {
      "filePath": "\/Users\/jinhua\/flutter-3.0.0\/.pub-cache\/hosted\/pub.dartlang.org\/flutter_icmp_ping-3.1.2\/ios\/Classes\/GBPingHelper.swift",
      "kind": "StringLiteral",
      "offset": 1873,
      "length": 17,
      "value": "\"RequestTimedOut\""
    },
    {
      "filePath": "\/Users\/jinhua\/flutter-3.0.0\/.pub-cache\/hosted\/pub.dartlang.org\/flutter_icmp_ping-3.1.2\/ios\/Classes\/GBPingHelper.swift",
      "kind": "IntegerLiteral",
      "offset": 1989,
      "length": 1,
      "value": "1"
    },
    {
      "filePath": "\/Users\/jinhua\/flutter-3.0.0\/.pub-cache\/hosted\/pub.dartlang.org\/flutter_icmp_ping-3.1.2\/ios\/Classes\/GBPingHelper.swift",
      "kind": "Dictionary",
      "offset": 2173,
      "length": 3,
      "value": "[]"
    },
    {
      "filePath": "\/Users\/jinhua\/flutter-3.0.0\/.pub-cache\/hosted\/pub.dartlang.org\/flutter_icmp_ping-3.1.2\/ios\/Classes\/GBPingHelper.swift",
      "kind": "StringLiteral",
      "offset": 2185,
      "length": 6,
      "value": "\"time\""
    },
    {
      "filePath": "\/Users\/jinhua\/flutter-3.0.0\/.pub-cache\/hosted\/pub.dartlang.org\/flutter_icmp_ping-3.1.2\/ios\/Classes\/GBPingHelper.swift",
      "kind": "StringLiteral",
      "offset": 2208,
      "length": 10,
      "value": "\"received\""
    },
    {
      "filePath": "\/Users\/jinhua\/flutter-3.0.0\/.pub-cache\/hosted\/pub.dartlang.org\/flutter_icmp_ping-3.1.2\/ios\/Classes\/GBPingHelper.swift",
      "kind": "StringLiteral",
      "offset": 2239,
      "length": 13,
      "value": "\"transmitted\""
    },
    {
      "filePath": "\/Users\/jinhua\/flutter-3.0.0\/.pub-cache\/hosted\/pub.dartlang.org\/flutter_icmp_ping-3.1.2\/ios\/Classes\/SwiftFlutterIcmpPingPlugin.swift",
      "kind": "StringLiteral",
      "offset": 149,
      "length": 19,
      "value": "\"flutter_icmp_ping\""
    },
    {
      "filePath": "\/Users\/jinhua\/flutter-3.0.0\/.pub-cache\/hosted\/pub.dartlang.org\/flutter_icmp_ping-3.1.2\/ios\/Classes\/SwiftFlutterIcmpPingPlugin.swift",
      "kind": "Dictionary",
      "offset": 211,
      "length": 3,
      "value": "[]"
    },
    {
      "filePath": "\/Users\/jinhua\/flutter-3.0.0\/.pub-cache\/hosted\/pub.dartlang.org\/flutter_icmp_ping-3.1.2\/ios\/Classes\/SwiftFlutterIcmpPingPlugin.swift",
      "kind": "StringLiteral",
      "offset": 333,
      "length": 19,
      "value": "\"\""
    },
    {
      "filePath": "\/Users\/jinhua\/flutter-3.0.0\/.pub-cache\/hosted\/pub.dartlang.org\/flutter_icmp_ping-3.1.2\/ios\/Classes\/SwiftFlutterIcmpPingPlugin.swift",
      "kind": "StringLiteral",
      "offset": 344,
      "length": 1,
      "value": "\"\/method\""
    },
    {
      "filePath": "\/Users\/jinhua\/flutter-3.0.0\/.pub-cache\/hosted\/pub.dartlang.org\/flutter_icmp_ping-3.1.2\/ios\/Classes\/SwiftFlutterIcmpPingPlugin.swift",
      "kind": "StringLiteral",
      "offset": 437,
      "length": 18,
      "value": "\"\""
    },
    {
      "filePath": "\/Users\/jinhua\/flutter-3.0.0\/.pub-cache\/hosted\/pub.dartlang.org\/flutter_icmp_ping-3.1.2\/ios\/Classes\/SwiftFlutterIcmpPingPlugin.swift",
      "kind": "StringLiteral",
      "offset": 448,
      "length": 1,
      "value": "\"\/event\""
    },
    {
      "filePath": "\/Users\/jinhua\/flutter-3.0.0\/.pub-cache\/hosted\/pub.dartlang.org\/flutter_icmp_ping-3.1.2\/ios\/Classes\/SwiftFlutterIcmpPingPlugin.swift",
      "kind": "StringLiteral",
      "offset": 826,
      "length": 6,
      "value": "\"hash\""
    },
    {
      "filePath": "\/Users\/jinhua\/flutter-3.0.0\/.pub-cache\/hosted\/pub.dartlang.org\/flutter_icmp_ping-3.1.2\/ios\/Classes\/SwiftFlutterIcmpPingPlugin.swift",
      "kind": "StringLiteral",
      "offset": 881,
      "length": 18,
      "value": "\"Invalid argument\""
    },
    {
      "filePath": "\/Users\/jinhua\/flutter-3.0.0\/.pub-cache\/hosted\/pub.dartlang.org\/flutter_icmp_ping-3.1.2\/ios\/Classes\/SwiftFlutterIcmpPingPlugin.swift",
      "kind": "StringLiteral",
      "offset": 959,
      "length": 24,
      "value": "\"\""
    },
    {
      "filePath": "\/Users\/jinhua\/flutter-3.0.0\/.pub-cache\/hosted\/pub.dartlang.org\/flutter_icmp_ping-3.1.2\/ios\/Classes\/SwiftFlutterIcmpPingPlugin.swift",
      "kind": "StringLiteral",
      "offset": 974,
      "length": 1,
      "value": "\":\""
    },
    {
      "filePath": "\/Users\/jinhua\/flutter-3.0.0\/.pub-cache\/hosted\/pub.dartlang.org\/flutter_icmp_ping-3.1.2\/ios\/Classes\/SwiftFlutterIcmpPingPlugin.swift",
      "kind": "StringLiteral",
      "offset": 982,
      "length": 2,
      "value": "\"\""
    },
    {
      "filePath": "\/Users\/jinhua\/flutter-3.0.0\/.pub-cache\/hosted\/pub.dartlang.org\/flutter_icmp_ping-3.1.2\/ios\/Classes\/SwiftFlutterIcmpPingPlugin.swift",
      "kind": "StringLiteral",
      "offset": 1046,
      "length": 6,
      "value": "\"stop\""
    },
    {
      "filePath": "\/Users\/jinhua\/flutter-3.0.0\/.pub-cache\/hosted\/pub.dartlang.org\/flutter_icmp_ping-3.1.2\/ios\/Classes\/SwiftFlutterIcmpPingPlugin.swift",
      "kind": "StringLiteral",
      "offset": 1082,
      "length": 7,
      "value": "\"start\""
    },
    {
      "filePath": "\/Users\/jinhua\/flutter-3.0.0\/.pub-cache\/hosted\/pub.dartlang.org\/flutter_icmp_ping-3.1.2\/ios\/Classes\/SwiftFlutterIcmpPingPlugin.swift",
      "kind": "StringLiteral",
      "offset": 1274,
      "length": 6,
      "value": "\"host\""
    },
    {
      "filePath": "\/Users\/jinhua\/flutter-3.0.0\/.pub-cache\/hosted\/pub.dartlang.org\/flutter_icmp_ping-3.1.2\/ios\/Classes\/SwiftFlutterIcmpPingPlugin.swift",
      "kind": "StringLiteral",
      "offset": 1334,
      "length": 18,
      "value": "\"Invalid argument\""
    },
    {
      "filePath": "\/Users\/jinhua\/flutter-3.0.0\/.pub-cache\/hosted\/pub.dartlang.org\/flutter_icmp_ping-3.1.2\/ios\/Classes\/SwiftFlutterIcmpPingPlugin.swift",
      "kind": "StringLiteral",
      "offset": 1434,
      "length": 7,
      "value": "\"count\""
    },
    {
      "filePath": "\/Users\/jinhua\/flutter-3.0.0\/.pub-cache\/hosted\/pub.dartlang.org\/flutter_icmp_ping-3.1.2\/ios\/Classes\/SwiftFlutterIcmpPingPlugin.swift",
      "kind": "IntegerLiteral",
      "offset": 1455,
      "length": 1,
      "value": "0"
    },
    {
      "filePath": "\/Users\/jinhua\/flutter-3.0.0\/.pub-cache\/hosted\/pub.dartlang.org\/flutter_icmp_ping-3.1.2\/ios\/Classes\/SwiftFlutterIcmpPingPlugin.swift",
      "kind": "StringLiteral",
      "offset": 1488,
      "length": 10,
      "value": "\"interval\""
    },
    {
      "filePath": "\/Users\/jinhua\/flutter-3.0.0\/.pub-cache\/hosted\/pub.dartlang.org\/flutter_icmp_ping-3.1.2\/ios\/Classes\/SwiftFlutterIcmpPingPlugin.swift",
      "kind": "IntegerLiteral",
      "offset": 1520,
      "length": 1,
      "value": "1"
    },
    {
      "filePath": "\/Users\/jinhua\/flutter-3.0.0\/.pub-cache\/hosted\/pub.dartlang.org\/flutter_icmp_ping-3.1.2\/ios\/Classes\/SwiftFlutterIcmpPingPlugin.swift",
      "kind": "StringLiteral",
      "offset": 1552,
      "length": 9,
      "value": "\"timeout\""
    },
    {
      "filePath": "\/Users\/jinhua\/flutter-3.0.0\/.pub-cache\/hosted\/pub.dartlang.org\/flutter_icmp_ping-3.1.2\/ios\/Classes\/SwiftFlutterIcmpPingPlugin.swift",
      "kind": "IntegerLiteral",
      "offset": 1583,
      "length": 1,
      "value": "2"
    },
    {
      "filePath": "\/Users\/jinhua\/flutter-3.0.0\/.pub-cache\/hosted\/pub.dartlang.org\/flutter_icmp_ping-3.1.2\/ios\/Classes\/SwiftFlutterIcmpPingPlugin.swift",
      "kind": "StringLiteral",
      "offset": 1612,
      "length": 6,
      "value": "\"ipv6\""
    },
    {
      "filePath": "\/Users\/jinhua\/flutter-3.0.0\/.pub-cache\/hosted\/pub.dartlang.org\/flutter_icmp_ping-3.1.2\/ios\/Classes\/SwiftFlutterIcmpPingPlugin.swift",
      "kind": "BooleanLiteral",
      "offset": 1632,
      "length": 5,
      "value": "false"
    },
    {
      "filePath": "\/Users\/jinhua\/flutter-3.0.0\/.pub-cache\/hosted\/pub.dartlang.org\/flutter_icmp_ping-3.1.2\/ios\/Classes\/SwiftFlutterIcmpPingPlugin.swift",
      "kind": "StringLiteral",
      "offset": 1664,
      "length": 5,
      "value": "\"ttl\""
    },
    {
      "filePath": "\/Users\/jinhua\/flutter-3.0.0\/.pub-cache\/hosted\/pub.dartlang.org\/flutter_icmp_ping-3.1.2\/ios\/Classes\/SwiftFlutterIcmpPingPlugin.swift",
      "kind": "IntegerLiteral",
      "offset": 1683,
      "length": 1,
      "value": "0"
    },
    {
      "filePath": "\/Users\/jinhua\/flutter-3.0.0\/.pub-cache\/hosted\/pub.dartlang.org\/flutter_icmp_ping-3.1.2\/ios\/Classes\/SwiftFlutterIcmpPingPlugin.swift",
      "kind": "StringLiteral",
      "offset": 1882,
      "length": 6,
      "value": "\"hash\""
    },
    {
      "filePath": "\/Users\/jinhua\/flutter-3.0.0\/.pub-cache\/hosted\/pub.dartlang.org\/flutter_icmp_ping-3.1.2\/ios\/Classes\/SwiftFlutterIcmpPingPlugin.swift",
      "kind": "StringLiteral",
      "offset": 1940,
      "length": 10,
      "value": "\"received\""
    },
    {
      "filePath": "\/Users\/jinhua\/flutter-3.0.0\/.pub-cache\/hosted\/pub.dartlang.org\/flutter_icmp_ping-3.1.2\/ios\/Classes\/SwiftFlutterIcmpPingPlugin.swift",
      "kind": "StringLiteral",
      "offset": 2025,
      "length": 9,
      "value": "\"started\""
    }
  ]
}