{
  "ABIRoot": {
    "kind": "Root",
    "name": "TopLevel",
    "printedName": "TopLevel",
    "children": [
      {
        "kind": "Import",
        "name": "Flutter",
        "printedName": "Flutter",
        "declKind": "Import",
        "moduleName": "pdf_render"
      },
      {
        "kind": "Import",
        "name": "UIKit",
        "printedName": "UIKit",
        "declKind": "Import",
        "moduleName": "pdf_render"
      },
      {
        "kind": "Import",
        "name": "CoreGraphics",
        "printedName": "CoreGraphics",
        "declKind": "Import",
        "moduleName": "pdf_render"
      },
      {
        "kind": "TypeDecl",
        "name": "SwiftPdfRenderPlugin",
        "printedName": "SwiftPdfRenderPlugin",
        "children": [
          {
            "kind": "Function",
            "name": "register",
            "printedName": "register(with:)",
            "children": [
              {
                "kind": "TypeNominal",
                "name": "Void",
                "printedName": "()"
              },
              {
                "kind": "TypeNominal",
                "name": "FlutterPluginRegistrar",
                "printedName": "Flutter.FlutterPluginRegistrar",
                "usr": "c:objc(pl)FlutterPluginRegistrar"
              }
            ],
            "declKind": "Func",
            "usr": "c:@M@pdf_render@objc(cs)SwiftPdfRenderPlugin(cm)registerWithRegistrar:",
            "mangledName": "$s10pdf_render20SwiftPdfRenderPluginC8register4withySo07FlutterF9Registrar_p_tFZ",
            "moduleName": "pdf_render",
            "static": true,
            "objc_name": "registerWithRegistrar:",
            "declAttributes": [
              "Final",
              "ObjC",
              "AccessControl"
            ],
            "funcSelfKind": "NonMutating"
          },
          {
            "kind": "Function",
            "name": "handle",
            "printedName": "handle(_:result:)",
            "children": [
              {
                "kind": "TypeNominal",
                "name": "Void",
                "printedName": "()"
              },
              {
                "kind": "TypeNominal",
                "name": "FlutterMethodCall",
                "printedName": "Flutter.FlutterMethodCall",
                "usr": "c:objc(cs)FlutterMethodCall"
              },
              {
                "kind": "TypeFunc",
                "name": "Function",
                "printedName": "(Any?) -> ()",
                "children": [
                  {
                    "kind": "TypeNominal",
                    "name": "Void",
                    "printedName": "()"
                  },
                  {
                    "kind": "TypeNominal",
                    "name": "Optional",
                    "printedName": "Any?",
                    "children": [
                      {
                        "kind": "TypeNominal",
                        "name": "ProtocolComposition",
                        "printedName": "Any"
                      }
                    ],
                    "usr": "s:Sq"
                  }
                ]
              }
            ],
            "declKind": "Func",
            "usr": "c:@M@pdf_render@objc(cs)SwiftPdfRenderPlugin(im)handleMethodCall:result:",
            "mangledName": "$s10pdf_render20SwiftPdfRenderPluginC6handle_6resultySo17FlutterMethodCallC_yypSgctF",
            "moduleName": "pdf_render",
            "objc_name": "handleMethodCall:result:",
            "declAttributes": [
              "ObjC",
              "AccessControl"
            ],
            "funcSelfKind": "NonMutating"
          },
          {
            "kind": "Constructor",
            "name": "init",
            "printedName": "init()",
            "children": [
              {
                "kind": "TypeNominal",
                "name": "SwiftPdfRenderPlugin",
                "printedName": "pdf_render.SwiftPdfRenderPlugin",
                "usr": "c:@M@pdf_render@objc(cs)SwiftPdfRenderPlugin"
              }
            ],
            "declKind": "Constructor",
            "usr": "c:@M@pdf_render@objc(cs)SwiftPdfRenderPlugin(im)init",
            "mangledName": "$s10pdf_render20SwiftPdfRenderPluginCACycfc",
            "moduleName": "pdf_render",
            "overriding": true,
            "implicit": true,
            "objc_name": "init",
            "declAttributes": [
              "Dynamic",
              "ObjC",
              "Override"
            ],
            "init_kind": "Designated"
          }
        ],
        "declKind": "Class",
        "usr": "c:@M@pdf_render@objc(cs)SwiftPdfRenderPlugin",
        "mangledName": "$s10pdf_render20SwiftPdfRenderPluginC",
        "moduleName": "pdf_render",
        "declAttributes": [
          "AccessControl",
          "ObjC"
        ],
        "superclassUsr": "c:objc(cs)NSObject",
        "hasMissingDesignatedInitializers": true,
        "superclassNames": [
          "ObjectiveC.NSObject"
        ],
        "conformances": [
          {
            "kind": "Conformance",
            "name": "Equatable",
            "printedName": "Equatable",
            "usr": "s:SQ",
            "mangledName": "$sSQ"
          },
          {
            "kind": "Conformance",
            "name": "Hashable",
            "printedName": "Hashable",
            "usr": "s:SH",
            "mangledName": "$sSH"
          },
          {
            "kind": "Conformance",
            "name": "CVarArg",
            "printedName": "CVarArg",
            "usr": "s:s7CVarArgP",
            "mangledName": "$ss7CVarArgP"
          },
          {
            "kind": "Conformance",
            "name": "_KeyValueCodingAndObservingPublishing",
            "printedName": "_KeyValueCodingAndObservingPublishing",
            "usr": "s:10Foundation37_KeyValueCodingAndObservingPublishingP",
            "mangledName": "$s10Foundation37_KeyValueCodingAndObservingPublishingP"
          },
          {
            "kind": "Conformance",
            "name": "_KeyValueCodingAndObserving",
            "printedName": "_KeyValueCodingAndObserving",
            "usr": "s:10Foundation27_KeyValueCodingAndObservingP",
            "mangledName": "$s10Foundation27_KeyValueCodingAndObservingP"
          },
          {
            "kind": "Conformance",
            "name": "CustomStringConvertible",
            "printedName": "CustomStringConvertible",
            "usr": "s:s23CustomStringConvertibleP",
            "mangledName": "$ss23CustomStringConvertibleP"
          },
          {
            "kind": "Conformance",
            "name": "CustomDebugStringConvertible",
            "printedName": "CustomDebugStringConvertible",
            "usr": "s:s28CustomDebugStringConvertibleP",
            "mangledName": "$ss28CustomDebugStringConvertibleP"
          }
        ]
      }
    ],
    "json_format_version": 8
  },
  "ConstValues": [
    {
      "filePath": "\/Users\/jinhua\/Desktop\/项目代码\/NAS_Aliyun\/flutter-nas\/cloud_nas_plugin\/pub\/pdf_render-1.0.18\/ios\/Classes\/SwiftPdfRenderPlugin.swift",
      "kind": "IntegerLiteral",
      "offset": 452,
      "length": 2,
      "value": "90"
    },
    {
      "filePath": "\/Users\/jinhua\/Desktop\/项目代码\/NAS_Aliyun\/flutter-nas\/cloud_nas_plugin\/pub\/pdf_render-1.0.18\/ios\/Classes\/SwiftPdfRenderPlugin.swift",
      "kind": "IntegerLiteral",
      "offset": 465,
      "length": 3,
      "value": "270"
    },
    {
      "filePath": "\/Users\/jinhua\/Desktop\/项目代码\/NAS_Aliyun\/flutter-nas\/cloud_nas_plugin\/pub\/pdf_render-1.0.18\/ios\/Classes\/SwiftPdfRenderPlugin.swift",
      "kind": "IntegerLiteral",
      "offset": 747,
      "length": 1,
      "value": "0"
    },
    {
      "filePath": "\/Users\/jinhua\/Desktop\/项目代码\/NAS_Aliyun\/flutter-nas\/cloud_nas_plugin\/pub\/pdf_render-1.0.18\/ios\/Classes\/SwiftPdfRenderPlugin.swift",
      "kind": "BooleanLiteral",
      "offset": 771,
      "length": 4,
      "value": "true"
    },
    {
      "filePath": "\/Users\/jinhua\/Desktop\/项目代码\/NAS_Aliyun\/flutter-nas\/cloud_nas_plugin\/pub\/pdf_render-1.0.18\/ios\/Classes\/SwiftPdfRenderPlugin.swift",
      "kind": "IntegerLiteral",
      "offset": 1007,
      "length": 2,
      "value": "-1"
    },
    {
      "filePath": "\/Users\/jinhua\/Desktop\/项目代码\/NAS_Aliyun\/flutter-nas\/cloud_nas_plugin\/pub\/pdf_render-1.0.18\/ios\/Classes\/SwiftPdfRenderPlugin.swift",
      "kind": "StringLiteral",
      "offset": 1050,
      "length": 12,
      "value": "\"pdf_render\""
    },
    {
      "filePath": "\/Users\/jinhua\/Desktop\/项目代码\/NAS_Aliyun\/flutter-nas\/cloud_nas_plugin\/pub\/pdf_render-1.0.18\/ios\/Classes\/SwiftPdfRenderPlugin.swift",
      "kind": "IntegerLiteral",
      "offset": 1125,
      "length": 1,
      "value": "0"
    },
    {
      "filePath": "\/Users\/jinhua\/Desktop\/项目代码\/NAS_Aliyun\/flutter-nas\/cloud_nas_plugin\/pub\/pdf_render-1.0.18\/ios\/Classes\/SwiftPdfRenderPlugin.swift",
      "kind": "Dictionary",
      "offset": 1154,
      "length": 3,
      "value": "[]"
    },
    {
      "filePath": "\/Users\/jinhua\/Desktop\/项目代码\/NAS_Aliyun\/flutter-nas\/cloud_nas_plugin\/pub\/pdf_render-1.0.18\/ios\/Classes\/SwiftPdfRenderPlugin.swift",
      "kind": "Dictionary",
      "offset": 1200,
      "length": 3,
      "value": "[]"
    },
    {
      "filePath": "\/Users\/jinhua\/Desktop\/项目代码\/NAS_Aliyun\/flutter-nas\/cloud_nas_plugin\/pub\/pdf_render-1.0.18\/ios\/Classes\/SwiftPdfRenderPlugin.swift",
      "kind": "StringLiteral",
      "offset": 1414,
      "length": 12,
      "value": "\"pdf_render\""
    },
    {
      "filePath": "\/Users\/jinhua\/Desktop\/项目代码\/NAS_Aliyun\/flutter-nas\/cloud_nas_plugin\/pub\/pdf_render-1.0.18\/ios\/Classes\/SwiftPdfRenderPlugin.swift",
      "kind": "StringLiteral",
      "offset": 1837,
      "length": 6,
      "value": "\"file\""
    },
    {
      "filePath": "\/Users\/jinhua\/Desktop\/项目代码\/NAS_Aliyun\/flutter-nas\/cloud_nas_plugin\/pub\/pdf_render-1.0.18\/ios\/Classes\/SwiftPdfRenderPlugin.swift",
      "kind": "StringLiteral",
      "offset": 1965,
      "length": 30,
      "value": "\"Expect pdfFilePath as String\""
    },
    {
      "filePath": "\/Users\/jinhua\/Desktop\/项目代码\/NAS_Aliyun\/flutter-nas\/cloud_nas_plugin\/pub\/pdf_render-1.0.18\/ios\/Classes\/SwiftPdfRenderPlugin.swift",
      "kind": "StringLiteral",
      "offset": 2118,
      "length": 7,
      "value": "\"asset\""
    },
    {
      "filePath": "\/Users\/jinhua\/Desktop\/项目代码\/NAS_Aliyun\/flutter-nas\/cloud_nas_plugin\/pub\/pdf_render-1.0.18\/ios\/Classes\/SwiftPdfRenderPlugin.swift",
      "kind": "StringLiteral",
      "offset": 2240,
      "length": 28,
      "value": "\"Expect assetName as String\""
    },
    {
      "filePath": "\/Users\/jinhua\/Desktop\/项目代码\/NAS_Aliyun\/flutter-nas\/cloud_nas_plugin\/pub\/pdf_render-1.0.18\/ios\/Classes\/SwiftPdfRenderPlugin.swift",
      "kind": "StringLiteral",
      "offset": 2378,
      "length": 6,
      "value": "\"data\""
    },
    {
      "filePath": "\/Users\/jinhua\/Desktop\/项目代码\/NAS_Aliyun\/flutter-nas\/cloud_nas_plugin\/pub\/pdf_render-1.0.18\/ios\/Classes\/SwiftPdfRenderPlugin.swift",
      "kind": "StringLiteral",
      "offset": 2511,
      "length": 19,
      "value": "\"Expect byte array\""
    },
    {
      "filePath": "\/Users\/jinhua\/Desktop\/项目代码\/NAS_Aliyun\/flutter-nas\/cloud_nas_plugin\/pub\/pdf_render-1.0.18\/ios\/Classes\/SwiftPdfRenderPlugin.swift",
      "kind": "StringLiteral",
      "offset": 2644,
      "length": 7,
      "value": "\"close\""
    },
    {
      "filePath": "\/Users\/jinhua\/Desktop\/项目代码\/NAS_Aliyun\/flutter-nas\/cloud_nas_plugin\/pub\/pdf_render-1.0.18\/ios\/Classes\/SwiftPdfRenderPlugin.swift",
      "kind": "IntegerLiteral",
      "offset": 2789,
      "length": 1,
      "value": "0"
    },
    {
      "filePath": "\/Users\/jinhua\/Desktop\/项目代码\/NAS_Aliyun\/flutter-nas\/cloud_nas_plugin\/pub\/pdf_render-1.0.18\/ios\/Classes\/SwiftPdfRenderPlugin.swift",
      "kind": "StringLiteral",
      "offset": 2830,
      "length": 6,
      "value": "\"info\""
    },
    {
      "filePath": "\/Users\/jinhua\/Desktop\/项目代码\/NAS_Aliyun\/flutter-nas\/cloud_nas_plugin\/pub\/pdf_render-1.0.18\/ios\/Classes\/SwiftPdfRenderPlugin.swift",
      "kind": "StringLiteral",
      "offset": 2954,
      "length": 26,
      "value": "\"Expect docId as NSNumber\""
    },
    {
      "filePath": "\/Users\/jinhua\/Desktop\/项目代码\/NAS_Aliyun\/flutter-nas\/cloud_nas_plugin\/pub\/pdf_render-1.0.18\/ios\/Classes\/SwiftPdfRenderPlugin.swift",
      "kind": "StringLiteral",
      "offset": 3080,
      "length": 6,
      "value": "\"page\""
    },
    {
      "filePath": "\/Users\/jinhua\/Desktop\/项目代码\/NAS_Aliyun\/flutter-nas\/cloud_nas_plugin\/pub\/pdf_render-1.0.18\/ios\/Classes\/SwiftPdfRenderPlugin.swift",
      "kind": "StringLiteral",
      "offset": 3207,
      "length": 21,
      "value": "\"Expect NSDictionary\""
    },
    {
      "filePath": "\/Users\/jinhua\/Desktop\/项目代码\/NAS_Aliyun\/flutter-nas\/cloud_nas_plugin\/pub\/pdf_render-1.0.18\/ios\/Classes\/SwiftPdfRenderPlugin.swift",
      "kind": "StringLiteral",
      "offset": 3314,
      "length": 8,
      "value": "\"render\""
    },
    {
      "filePath": "\/Users\/jinhua\/Desktop\/项目代码\/NAS_Aliyun\/flutter-nas\/cloud_nas_plugin\/pub\/pdf_render-1.0.18\/ios\/Classes\/SwiftPdfRenderPlugin.swift",
      "kind": "StringLiteral",
      "offset": 3443,
      "length": 21,
      "value": "\"Expect NSDictionary\""
    },
    {
      "filePath": "\/Users\/jinhua\/Desktop\/项目代码\/NAS_Aliyun\/flutter-nas\/cloud_nas_plugin\/pub\/pdf_render-1.0.18\/ios\/Classes\/SwiftPdfRenderPlugin.swift",
      "kind": "StringLiteral",
      "offset": 3560,
      "length": 15,
      "value": "\"releaseBuffer\""
    },
    {
      "filePath": "\/Users\/jinhua\/Desktop\/项目代码\/NAS_Aliyun\/flutter-nas\/cloud_nas_plugin\/pub\/pdf_render-1.0.18\/ios\/Classes\/SwiftPdfRenderPlugin.swift",
      "kind": "StringLiteral",
      "offset": 3695,
      "length": 28,
      "value": "\"Expect address as NSNumber\""
    },
    {
      "filePath": "\/Users\/jinhua\/Desktop\/项目代码\/NAS_Aliyun\/flutter-nas\/cloud_nas_plugin\/pub\/pdf_render-1.0.18\/ios\/Classes\/SwiftPdfRenderPlugin.swift",
      "kind": "StringLiteral",
      "offset": 3840,
      "length": 10,
      "value": "\"allocTex\""
    },
    {
      "filePath": "\/Users\/jinhua\/Desktop\/项目代码\/NAS_Aliyun\/flutter-nas\/cloud_nas_plugin\/pub\/pdf_render-1.0.18\/ios\/Classes\/SwiftPdfRenderPlugin.swift",
      "kind": "StringLiteral",
      "offset": 3923,
      "length": 12,
      "value": "\"releaseTex\""
    },
    {
      "filePath": "\/Users\/jinhua\/Desktop\/项目代码\/NAS_Aliyun\/flutter-nas\/cloud_nas_plugin\/pub\/pdf_render-1.0.18\/ios\/Classes\/SwiftPdfRenderPlugin.swift",
      "kind": "StringLiteral",
      "offset": 4053,
      "length": 30,
      "value": "\"Expect textureId as NSNumber\""
    },
    {
      "filePath": "\/Users\/jinhua\/Desktop\/项目代码\/NAS_Aliyun\/flutter-nas\/cloud_nas_plugin\/pub\/pdf_render-1.0.18\/ios\/Classes\/SwiftPdfRenderPlugin.swift",
      "kind": "StringLiteral",
      "offset": 4192,
      "length": 11,
      "value": "\"resizeTex\""
    },
    {
      "filePath": "\/Users\/jinhua\/Desktop\/项目代码\/NAS_Aliyun\/flutter-nas\/cloud_nas_plugin\/pub\/pdf_render-1.0.18\/ios\/Classes\/SwiftPdfRenderPlugin.swift",
      "kind": "StringLiteral",
      "offset": 4324,
      "length": 21,
      "value": "\"Expect NSDictionary\""
    },
    {
      "filePath": "\/Users\/jinhua\/Desktop\/项目代码\/NAS_Aliyun\/flutter-nas\/cloud_nas_plugin\/pub\/pdf_render-1.0.18\/ios\/Classes\/SwiftPdfRenderPlugin.swift",
      "kind": "StringLiteral",
      "offset": 4444,
      "length": 11,
      "value": "\"updateTex\""
    },
    {
      "filePath": "\/Users\/jinhua\/Desktop\/项目代码\/NAS_Aliyun\/flutter-nas\/cloud_nas_plugin\/pub\/pdf_render-1.0.18\/ios\/Classes\/SwiftPdfRenderPlugin.swift",
      "kind": "StringLiteral",
      "offset": 4576,
      "length": 21,
      "value": "\"Expect NSDictionary\""
    },
    {
      "filePath": "\/Users\/jinhua\/Desktop\/项目代码\/NAS_Aliyun\/flutter-nas\/cloud_nas_plugin\/pub\/pdf_render-1.0.18\/ios\/Classes\/SwiftPdfRenderPlugin.swift",
      "kind": "StringLiteral",
      "offset": 4778,
      "length": 11,
      "value": "\"exception\""
    },
    {
      "filePath": "\/Users\/jinhua\/Desktop\/项目代码\/NAS_Aliyun\/flutter-nas\/cloud_nas_plugin\/pub\/pdf_render-1.0.18\/ios\/Classes\/SwiftPdfRenderPlugin.swift",
      "kind": "StringLiteral",
      "offset": 4800,
      "length": 16,
      "value": "\"Internal error\""
    },
    {
      "filePath": "\/Users\/jinhua\/Desktop\/项目代码\/NAS_Aliyun\/flutter-nas\/cloud_nas_plugin\/pub\/pdf_render-1.0.18\/ios\/Classes\/SwiftPdfRenderPlugin.swift",
      "kind": "StringLiteral",
      "offset": 4827,
      "length": 10,
      "value": "\"\""
    },
    {
      "filePath": "\/Users\/jinhua\/Desktop\/项目代码\/NAS_Aliyun\/flutter-nas\/cloud_nas_plugin\/pub\/pdf_render-1.0.18\/ios\/Classes\/SwiftPdfRenderPlugin.swift",
      "kind": "StringLiteral",
      "offset": 4836,
      "length": 3,
      "value": "\"\""
    },
    {
      "filePath": "\/Users\/jinhua\/Desktop\/项目代码\/NAS_Aliyun\/flutter-nas\/cloud_nas_plugin\/pub\/pdf_render-1.0.18\/ios\/Classes\/SwiftPdfRenderPlugin.swift",
      "kind": "StringLiteral",
      "offset": 4992,
      "length": 22,
      "value": "\"CGPDFDocument is nil\""
    },
    {
      "filePath": "\/Users\/jinhua\/Desktop\/项目代码\/NAS_Aliyun\/flutter-nas\/cloud_nas_plugin\/pub\/pdf_render-1.0.18\/ios\/Classes\/SwiftPdfRenderPlugin.swift",
      "kind": "IntegerLiteral",
      "offset": 5124,
      "length": 1,
      "value": "1"
    },
    {
      "filePath": "\/Users\/jinhua\/Desktop\/项目代码\/NAS_Aliyun\/flutter-nas\/cloud_nas_plugin\/pub\/pdf_render-1.0.18\/ios\/Classes\/SwiftPdfRenderPlugin.swift",
      "kind": "IntegerLiteral",
      "offset": 5232,
      "length": 1,
      "value": "0"
    },
    {
      "filePath": "\/Users\/jinhua\/Desktop\/项目代码\/NAS_Aliyun\/flutter-nas\/cloud_nas_plugin\/pub\/pdf_render-1.0.18\/ios\/Classes\/SwiftPdfRenderPlugin.swift",
      "kind": "StringLiteral",
      "offset": 5449,
      "length": 29,
      "value": "\"No PdfDocument for \""
    },
    {
      "filePath": "\/Users\/jinhua\/Desktop\/项目代码\/NAS_Aliyun\/flutter-nas\/cloud_nas_plugin\/pub\/pdf_render-1.0.18\/ios\/Classes\/SwiftPdfRenderPlugin.swift",
      "kind": "StringLiteral",
      "offset": 5477,
      "length": 2,
      "value": "\"\""
    },
    {
      "filePath": "\/Users\/jinhua\/Desktop\/项目代码\/NAS_Aliyun\/flutter-nas\/cloud_nas_plugin\/pub\/pdf_render-1.0.18\/ios\/Classes\/SwiftPdfRenderPlugin.swift",
      "kind": "IntegerLiteral",
      "offset": 5512,
      "length": 1,
      "value": "0"
    },
    {
      "filePath": "\/Users\/jinhua\/Desktop\/项目代码\/NAS_Aliyun\/flutter-nas\/cloud_nas_plugin\/pub\/pdf_render-1.0.18\/ios\/Classes\/SwiftPdfRenderPlugin.swift",
      "kind": "IntegerLiteral",
      "offset": 5540,
      "length": 1,
      "value": "0"
    },
    {
      "filePath": "\/Users\/jinhua\/Desktop\/项目代码\/NAS_Aliyun\/flutter-nas\/cloud_nas_plugin\/pub\/pdf_render-1.0.18\/ios\/Classes\/SwiftPdfRenderPlugin.swift",
      "kind": "StringLiteral",
      "offset": 5650,
      "length": 7,
      "value": "\"docId\""
    },
    {
      "filePath": "\/Users\/jinhua\/Desktop\/项目代码\/NAS_Aliyun\/flutter-nas\/cloud_nas_plugin\/pub\/pdf_render-1.0.18\/ios\/Classes\/SwiftPdfRenderPlugin.swift",
      "kind": "StringLiteral",
      "offset": 5679,
      "length": 11,
      "value": "\"pageCount\""
    },
    {
      "filePath": "\/Users\/jinhua\/Desktop\/项目代码\/NAS_Aliyun\/flutter-nas\/cloud_nas_plugin\/pub\/pdf_render-1.0.18\/ios\/Classes\/SwiftPdfRenderPlugin.swift",
      "kind": "StringLiteral",
      "offset": 5724,
      "length": 10,
      "value": "\"verMajor\""
    },
    {
      "filePath": "\/Users\/jinhua\/Desktop\/项目代码\/NAS_Aliyun\/flutter-nas\/cloud_nas_plugin\/pub\/pdf_render-1.0.18\/ios\/Classes\/SwiftPdfRenderPlugin.swift",
      "kind": "StringLiteral",
      "offset": 5752,
      "length": 10,
      "value": "\"verMinor\""
    },
    {
      "filePath": "\/Users\/jinhua\/Desktop\/项目代码\/NAS_Aliyun\/flutter-nas\/cloud_nas_plugin\/pub\/pdf_render-1.0.18\/ios\/Classes\/SwiftPdfRenderPlugin.swift",
      "kind": "StringLiteral",
      "offset": 5780,
      "length": 13,
      "value": "\"isEncrypted\""
    },
    {
      "filePath": "\/Users\/jinhua\/Desktop\/项目代码\/NAS_Aliyun\/flutter-nas\/cloud_nas_plugin\/pub\/pdf_render-1.0.18\/ios\/Classes\/SwiftPdfRenderPlugin.swift",
      "kind": "StringLiteral",
      "offset": 5835,
      "length": 15,
      "value": "\"allowsCopying\""
    },
    {
      "filePath": "\/Users\/jinhua\/Desktop\/项目代码\/NAS_Aliyun\/flutter-nas\/cloud_nas_plugin\/pub\/pdf_render-1.0.18\/ios\/Classes\/SwiftPdfRenderPlugin.swift",
      "kind": "StringLiteral",
      "offset": 5894,
      "length": 16,
      "value": "\"allowsPrinting\""
    },
    {
      "filePath": "\/Users\/jinhua\/Desktop\/项目代码\/NAS_Aliyun\/flutter-nas\/cloud_nas_plugin\/pub\/pdf_render-1.0.18\/ios\/Classes\/SwiftPdfRenderPlugin.swift",
      "kind": "StringLiteral",
      "offset": 5955,
      "length": 12,
      "value": "\"isUnlocked\""
    },
    {
      "filePath": "\/Users\/jinhua\/Desktop\/项目代码\/NAS_Aliyun\/flutter-nas\/cloud_nas_plugin\/pub\/pdf_render-1.0.18\/ios\/Classes\/SwiftPdfRenderPlugin.swift",
      "kind": "StringLiteral",
      "offset": 6278,
      "length": 38,
      "value": "\"CGDataProvider initialization failed\""
    },
    {
      "filePath": "\/Users\/jinhua\/Desktop\/项目代码\/NAS_Aliyun\/flutter-nas\/cloud_nas_plugin\/pub\/pdf_render-1.0.18\/ios\/Classes\/SwiftPdfRenderPlugin.swift",
      "kind": "StringLiteral",
      "offset": 6550,
      "length": 2,
      "value": "\"\""
    },
    {
      "filePath": "\/Users\/jinhua\/Desktop\/项目代码\/NAS_Aliyun\/flutter-nas\/cloud_nas_plugin\/pub\/pdf_render-1.0.18\/ios\/Classes\/SwiftPdfRenderPlugin.swift",
      "kind": "StringLiteral",
      "offset": 6604,
      "length": 46,
      "value": "\"Bundle.main.path(forResource: \""
    },
    {
      "filePath": "\/Users\/jinhua\/Desktop\/项目代码\/NAS_Aliyun\/flutter-nas\/cloud_nas_plugin\/pub\/pdf_render-1.0.18\/ios\/Classes\/SwiftPdfRenderPlugin.swift",
      "kind": "StringLiteral",
      "offset": 6641,
      "length": 1,
      "value": "\") failed\""
    },
    {
      "filePath": "\/Users\/jinhua\/Desktop\/项目代码\/NAS_Aliyun\/flutter-nas\/cloud_nas_plugin\/pub\/pdf_render-1.0.18\/ios\/Classes\/SwiftPdfRenderPlugin.swift",
      "kind": "StringLiteral",
      "offset": 7144,
      "length": 7,
      "value": "\"docId\""
    },
    {
      "filePath": "\/Users\/jinhua\/Desktop\/项目代码\/NAS_Aliyun\/flutter-nas\/cloud_nas_plugin\/pub\/pdf_render-1.0.18\/ios\/Classes\/SwiftPdfRenderPlugin.swift",
      "kind": "StringLiteral",
      "offset": 7241,
      "length": 12,
      "value": "\"pageNumber\""
    },
    {
      "filePath": "\/Users\/jinhua\/Desktop\/项目代码\/NAS_Aliyun\/flutter-nas\/cloud_nas_plugin\/pub\/pdf_render-1.0.18\/ios\/Classes\/SwiftPdfRenderPlugin.swift",
      "kind": "IntegerLiteral",
      "offset": 7283,
      "length": 1,
      "value": "1"
    },
    {
      "filePath": "\/Users\/jinhua\/Desktop\/项目代码\/NAS_Aliyun\/flutter-nas\/cloud_nas_plugin\/pub\/pdf_render-1.0.18\/ios\/Classes\/SwiftPdfRenderPlugin.swift",
      "kind": "IntegerLiteral",
      "offset": 7370,
      "length": 1,
      "value": "1"
    },
    {
      "filePath": "\/Users\/jinhua\/Desktop\/项目代码\/NAS_Aliyun\/flutter-nas\/cloud_nas_plugin\/pub\/pdf_render-1.0.18\/ios\/Classes\/SwiftPdfRenderPlugin.swift",
      "kind": "IntegerLiteral",
      "offset": 7501,
      "length": 1,
      "value": "1"
    },
    {
      "filePath": "\/Users\/jinhua\/Desktop\/项目代码\/NAS_Aliyun\/flutter-nas\/cloud_nas_plugin\/pub\/pdf_render-1.0.18\/ios\/Classes\/SwiftPdfRenderPlugin.swift",
      "kind": "StringLiteral",
      "offset": 7601,
      "length": 7,
      "value": "\"docId\""
    },
    {
      "filePath": "\/Users\/jinhua\/Desktop\/项目代码\/NAS_Aliyun\/flutter-nas\/cloud_nas_plugin\/pub\/pdf_render-1.0.18\/ios\/Classes\/SwiftPdfRenderPlugin.swift",
      "kind": "StringLiteral",
      "offset": 7630,
      "length": 12,
      "value": "\"pageNumber\""
    },
    {
      "filePath": "\/Users\/jinhua\/Desktop\/项目代码\/NAS_Aliyun\/flutter-nas\/cloud_nas_plugin\/pub\/pdf_render-1.0.18\/ios\/Classes\/SwiftPdfRenderPlugin.swift",
      "kind": "StringLiteral",
      "offset": 7669,
      "length": 7,
      "value": "\"width\""
    },
    {
      "filePath": "\/Users\/jinhua\/Desktop\/项目代码\/NAS_Aliyun\/flutter-nas\/cloud_nas_plugin\/pub\/pdf_render-1.0.18\/ios\/Classes\/SwiftPdfRenderPlugin.swift",
      "kind": "StringLiteral",
      "offset": 7728,
      "length": 8,
      "value": "\"height\""
    },
    {
      "filePath": "\/Users\/jinhua\/Desktop\/项目代码\/NAS_Aliyun\/flutter-nas\/cloud_nas_plugin\/pub\/pdf_render-1.0.18\/ios\/Classes\/SwiftPdfRenderPlugin.swift",
      "kind": "StringLiteral",
      "offset": 7976,
      "length": 7,
      "value": "\"docId\""
    },
    {
      "filePath": "\/Users\/jinhua\/Desktop\/项目代码\/NAS_Aliyun\/flutter-nas\/cloud_nas_plugin\/pub\/pdf_render-1.0.18\/ios\/Classes\/SwiftPdfRenderPlugin.swift",
      "kind": "StringLiteral",
      "offset": 8077,
      "length": 29,
      "value": "\"No PdfDocument for \""
    },
    {
      "filePath": "\/Users\/jinhua\/Desktop\/项目代码\/NAS_Aliyun\/flutter-nas\/cloud_nas_plugin\/pub\/pdf_render-1.0.18\/ios\/Classes\/SwiftPdfRenderPlugin.swift",
      "kind": "StringLiteral",
      "offset": 8105,
      "length": 2,
      "value": "\"\""
    },
    {
      "filePath": "\/Users\/jinhua\/Desktop\/项目代码\/NAS_Aliyun\/flutter-nas\/cloud_nas_plugin\/pub\/pdf_render-1.0.18\/ios\/Classes\/SwiftPdfRenderPlugin.swift",
      "kind": "StringLiteral",
      "offset": 8140,
      "length": 12,
      "value": "\"pageNumber\""
    },
    {
      "filePath": "\/Users\/jinhua\/Desktop\/项目代码\/NAS_Aliyun\/flutter-nas\/cloud_nas_plugin\/pub\/pdf_render-1.0.18\/ios\/Classes\/SwiftPdfRenderPlugin.swift",
      "kind": "IntegerLiteral",
      "offset": 8186,
      "length": 1,
      "value": "1"
    },
    {
      "filePath": "\/Users\/jinhua\/Desktop\/项目代码\/NAS_Aliyun\/flutter-nas\/cloud_nas_plugin\/pub\/pdf_render-1.0.18\/ios\/Classes\/SwiftPdfRenderPlugin.swift",
      "kind": "StringLiteral",
      "offset": 8271,
      "length": 65,
      "value": "\"Page number (\""
    },
    {
      "filePath": "\/Users\/jinhua\/Desktop\/项目代码\/NAS_Aliyun\/flutter-nas\/cloud_nas_plugin\/pub\/pdf_render-1.0.18\/ios\/Classes\/SwiftPdfRenderPlugin.swift",
      "kind": "StringLiteral",
      "offset": 8298,
      "length": 1,
      "value": "\") out of range [1 \""
    },
    {
      "filePath": "\/Users\/jinhua\/Desktop\/项目代码\/NAS_Aliyun\/flutter-nas\/cloud_nas_plugin\/pub\/pdf_render-1.0.18\/ios\/Classes\/SwiftPdfRenderPlugin.swift",
      "kind": "StringLiteral",
      "offset": 8334,
      "length": 1,
      "value": "\"]\""
    },
    {
      "filePath": "\/Users\/jinhua\/Desktop\/项目代码\/NAS_Aliyun\/flutter-nas\/cloud_nas_plugin\/pub\/pdf_render-1.0.18\/ios\/Classes\/SwiftPdfRenderPlugin.swift",
      "kind": "IntegerLiteral",
      "offset": 8388,
      "length": 1,
      "value": "1"
    },
    {
      "filePath": "\/Users\/jinhua\/Desktop\/项目代码\/NAS_Aliyun\/flutter-nas\/cloud_nas_plugin\/pub\/pdf_render-1.0.18\/ios\/Classes\/SwiftPdfRenderPlugin.swift",
      "kind": "StringLiteral",
      "offset": 8441,
      "length": 44,
      "value": "\"Page load failed: pageNumber=\""
    },
    {
      "filePath": "\/Users\/jinhua\/Desktop\/项目代码\/NAS_Aliyun\/flutter-nas\/cloud_nas_plugin\/pub\/pdf_render-1.0.18\/ios\/Classes\/SwiftPdfRenderPlugin.swift",
      "kind": "StringLiteral",
      "offset": 8484,
      "length": 2,
      "value": "\"\""
    },
    {
      "filePath": "\/Users\/jinhua\/Desktop\/项目代码\/NAS_Aliyun\/flutter-nas\/cloud_nas_plugin\/pub\/pdf_render-1.0.18\/ios\/Classes\/SwiftPdfRenderPlugin.swift",
      "kind": "StringLiteral",
      "offset": 8511,
      "length": 3,
      "value": "\"x\""
    },
    {
      "filePath": "\/Users\/jinhua\/Desktop\/项目代码\/NAS_Aliyun\/flutter-nas\/cloud_nas_plugin\/pub\/pdf_render-1.0.18\/ios\/Classes\/SwiftPdfRenderPlugin.swift",
      "kind": "IntegerLiteral",
      "offset": 8527,
      "length": 1,
      "value": "0"
    },
    {
      "filePath": "\/Users\/jinhua\/Desktop\/项目代码\/NAS_Aliyun\/flutter-nas\/cloud_nas_plugin\/pub\/pdf_render-1.0.18\/ios\/Classes\/SwiftPdfRenderPlugin.swift",
      "kind": "StringLiteral",
      "offset": 8546,
      "length": 3,
      "value": "\"y\""
    },
    {
      "filePath": "\/Users\/jinhua\/Desktop\/项目代码\/NAS_Aliyun\/flutter-nas\/cloud_nas_plugin\/pub\/pdf_render-1.0.18\/ios\/Classes\/SwiftPdfRenderPlugin.swift",
      "kind": "IntegerLiteral",
      "offset": 8562,
      "length": 1,
      "value": "0"
    },
    {
      "filePath": "\/Users\/jinhua\/Desktop\/项目代码\/NAS_Aliyun\/flutter-nas\/cloud_nas_plugin\/pub\/pdf_render-1.0.18\/ios\/Classes\/SwiftPdfRenderPlugin.swift",
      "kind": "StringLiteral",
      "offset": 8581,
      "length": 7,
      "value": "\"width\""
    },
    {
      "filePath": "\/Users\/jinhua\/Desktop\/项目代码\/NAS_Aliyun\/flutter-nas\/cloud_nas_plugin\/pub\/pdf_render-1.0.18\/ios\/Classes\/SwiftPdfRenderPlugin.swift",
      "kind": "IntegerLiteral",
      "offset": 8601,
      "length": 1,
      "value": "0"
    },
    {
      "filePath": "\/Users\/jinhua\/Desktop\/项目代码\/NAS_Aliyun\/flutter-nas\/cloud_nas_plugin\/pub\/pdf_render-1.0.18\/ios\/Classes\/SwiftPdfRenderPlugin.swift",
      "kind": "StringLiteral",
      "offset": 8620,
      "length": 8,
      "value": "\"height\""
    },
    {
      "filePath": "\/Users\/jinhua\/Desktop\/项目代码\/NAS_Aliyun\/flutter-nas\/cloud_nas_plugin\/pub\/pdf_render-1.0.18\/ios\/Classes\/SwiftPdfRenderPlugin.swift",
      "kind": "IntegerLiteral",
      "offset": 8641,
      "length": 1,
      "value": "0"
    },
    {
      "filePath": "\/Users\/jinhua\/Desktop\/项目代码\/NAS_Aliyun\/flutter-nas\/cloud_nas_plugin\/pub\/pdf_render-1.0.18\/ios\/Classes\/SwiftPdfRenderPlugin.swift",
      "kind": "StringLiteral",
      "offset": 8661,
      "length": 11,
      "value": "\"fullWidth\""
    },
    {
      "filePath": "\/Users\/jinhua\/Desktop\/项目代码\/NAS_Aliyun\/flutter-nas\/cloud_nas_plugin\/pub\/pdf_render-1.0.18\/ios\/Classes\/SwiftPdfRenderPlugin.swift",
      "kind": "FloatLiteral",
      "offset": 8688,
      "length": 3,
      "value": "0.0"
    },
    {
      "filePath": "\/Users\/jinhua\/Desktop\/项目代码\/NAS_Aliyun\/flutter-nas\/cloud_nas_plugin\/pub\/pdf_render-1.0.18\/ios\/Classes\/SwiftPdfRenderPlugin.swift",
      "kind": "StringLiteral",
      "offset": 8710,
      "length": 12,
      "value": "\"fullHeight\""
    },
    {
      "filePath": "\/Users\/jinhua\/Desktop\/项目代码\/NAS_Aliyun\/flutter-nas\/cloud_nas_plugin\/pub\/pdf_render-1.0.18\/ios\/Classes\/SwiftPdfRenderPlugin.swift",
      "kind": "FloatLiteral",
      "offset": 8738,
      "length": 3,
      "value": "0.0"
    },
    {
      "filePath": "\/Users\/jinhua\/Desktop\/项目代码\/NAS_Aliyun\/flutter-nas\/cloud_nas_plugin\/pub\/pdf_render-1.0.18\/ios\/Classes\/SwiftPdfRenderPlugin.swift",
      "kind": "StringLiteral",
      "offset": 8772,
      "length": 16,
      "value": "\"backgroundFill\""
    },
    {
      "filePath": "\/Users\/jinhua\/Desktop\/项目代码\/NAS_Aliyun\/flutter-nas\/cloud_nas_plugin\/pub\/pdf_render-1.0.18\/ios\/Classes\/SwiftPdfRenderPlugin.swift",
      "kind": "BooleanLiteral",
      "offset": 8802,
      "length": 4,
      "value": "true"
    },
    {
      "filePath": "\/Users\/jinhua\/Desktop\/项目代码\/NAS_Aliyun\/flutter-nas\/cloud_nas_plugin\/pub\/pdf_render-1.0.18\/ios\/Classes\/SwiftPdfRenderPlugin.swift",
      "kind": "StringLiteral",
      "offset": 8840,
      "length": 22,
      "value": "\"allowAntialiasingIOS\""
    },
    {
      "filePath": "\/Users\/jinhua\/Desktop\/项目代码\/NAS_Aliyun\/flutter-nas\/cloud_nas_plugin\/pub\/pdf_render-1.0.18\/ios\/Classes\/SwiftPdfRenderPlugin.swift",
      "kind": "BooleanLiteral",
      "offset": 8876,
      "length": 4,
      "value": "true"
    },
    {
      "filePath": "\/Users\/jinhua\/Desktop\/项目代码\/NAS_Aliyun\/flutter-nas\/cloud_nas_plugin\/pub\/pdf_render-1.0.18\/ios\/Classes\/SwiftPdfRenderPlugin.swift",
      "kind": "StringLiteral",
      "offset": 9155,
      "length": 7,
      "value": "\"docId\""
    },
    {
      "filePath": "\/Users\/jinhua\/Desktop\/项目代码\/NAS_Aliyun\/flutter-nas\/cloud_nas_plugin\/pub\/pdf_render-1.0.18\/ios\/Classes\/SwiftPdfRenderPlugin.swift",
      "kind": "StringLiteral",
      "offset": 9188,
      "length": 12,
      "value": "\"pageNumber\""
    },
    {
      "filePath": "\/Users\/jinhua\/Desktop\/项目代码\/NAS_Aliyun\/flutter-nas\/cloud_nas_plugin\/pub\/pdf_render-1.0.18\/ios\/Classes\/SwiftPdfRenderPlugin.swift",
      "kind": "StringLiteral",
      "offset": 9231,
      "length": 3,
      "value": "\"x\""
    },
    {
      "filePath": "\/Users\/jinhua\/Desktop\/项目代码\/NAS_Aliyun\/flutter-nas\/cloud_nas_plugin\/pub\/pdf_render-1.0.18\/ios\/Classes\/SwiftPdfRenderPlugin.swift",
      "kind": "StringLiteral",
      "offset": 9261,
      "length": 3,
      "value": "\"y\""
    },
    {
      "filePath": "\/Users\/jinhua\/Desktop\/项目代码\/NAS_Aliyun\/flutter-nas\/cloud_nas_plugin\/pub\/pdf_render-1.0.18\/ios\/Classes\/SwiftPdfRenderPlugin.swift",
      "kind": "StringLiteral",
      "offset": 9291,
      "length": 7,
      "value": "\"width\""
    },
    {
      "filePath": "\/Users\/jinhua\/Desktop\/项目代码\/NAS_Aliyun\/flutter-nas\/cloud_nas_plugin\/pub\/pdf_render-1.0.18\/ios\/Classes\/SwiftPdfRenderPlugin.swift",
      "kind": "StringLiteral",
      "offset": 9329,
      "length": 8,
      "value": "\"height\""
    },
    {
      "filePath": "\/Users\/jinhua\/Desktop\/项目代码\/NAS_Aliyun\/flutter-nas\/cloud_nas_plugin\/pub\/pdf_render-1.0.18\/ios\/Classes\/SwiftPdfRenderPlugin.swift",
      "kind": "StringLiteral",
      "offset": 9369,
      "length": 11,
      "value": "\"fullWidth\""
    },
    {
      "filePath": "\/Users\/jinhua\/Desktop\/项目代码\/NAS_Aliyun\/flutter-nas\/cloud_nas_plugin\/pub\/pdf_render-1.0.18\/ios\/Classes\/SwiftPdfRenderPlugin.swift",
      "kind": "StringLiteral",
      "offset": 9425,
      "length": 12,
      "value": "\"fullHeight\""
    },
    {
      "filePath": "\/Users\/jinhua\/Desktop\/项目代码\/NAS_Aliyun\/flutter-nas\/cloud_nas_plugin\/pub\/pdf_render-1.0.18\/ios\/Classes\/SwiftPdfRenderPlugin.swift",
      "kind": "StringLiteral",
      "offset": 9483,
      "length": 11,
      "value": "\"pageWidth\""
    },
    {
      "filePath": "\/Users\/jinhua\/Desktop\/项目代码\/NAS_Aliyun\/flutter-nas\/cloud_nas_plugin\/pub\/pdf_render-1.0.18\/ios\/Classes\/SwiftPdfRenderPlugin.swift",
      "kind": "StringLiteral",
      "offset": 9539,
      "length": 12,
      "value": "\"pageHeight\""
    },
    {
      "filePath": "\/Users\/jinhua\/Desktop\/项目代码\/NAS_Aliyun\/flutter-nas\/cloud_nas_plugin\/pub\/pdf_render-1.0.18\/ios\/Classes\/SwiftPdfRenderPlugin.swift",
      "kind": "StringLiteral",
      "offset": 9597,
      "length": 6,
      "value": "\"data\""
    },
    {
      "filePath": "\/Users\/jinhua\/Desktop\/项目代码\/NAS_Aliyun\/flutter-nas\/cloud_nas_plugin\/pub\/pdf_render-1.0.18\/ios\/Classes\/SwiftPdfRenderPlugin.swift",
      "kind": "IntegerLiteral",
      "offset": 9621,
      "length": 1,
      "value": "0"
    },
    {
      "filePath": "\/Users\/jinhua\/Desktop\/项目代码\/NAS_Aliyun\/flutter-nas\/cloud_nas_plugin\/pub\/pdf_render-1.0.18\/ios\/Classes\/SwiftPdfRenderPlugin.swift",
      "kind": "StringLiteral",
      "offset": 9685,
      "length": 6,
      "value": "\"addr\""
    },
    {
      "filePath": "\/Users\/jinhua\/Desktop\/项目代码\/NAS_Aliyun\/flutter-nas\/cloud_nas_plugin\/pub\/pdf_render-1.0.18\/ios\/Classes\/SwiftPdfRenderPlugin.swift",
      "kind": "StringLiteral",
      "offset": 9734,
      "length": 6,
      "value": "\"size\""
    },
    {
      "filePath": "\/Users\/jinhua\/Desktop\/项目代码\/NAS_Aliyun\/flutter-nas\/cloud_nas_plugin\/pub\/pdf_render-1.0.18\/ios\/Classes\/SwiftPdfRenderPlugin.swift",
      "kind": "StringLiteral",
      "offset": 9844,
      "length": 11,
      "value": "\"exception\""
    },
    {
      "filePath": "\/Users\/jinhua\/Desktop\/项目代码\/NAS_Aliyun\/flutter-nas\/cloud_nas_plugin\/pub\/pdf_render-1.0.18\/ios\/Classes\/SwiftPdfRenderPlugin.swift",
      "kind": "StringLiteral",
      "offset": 9866,
      "length": 16,
      "value": "\"Internal error\""
    },
    {
      "filePath": "\/Users\/jinhua\/Desktop\/项目代码\/NAS_Aliyun\/flutter-nas\/cloud_nas_plugin\/pub\/pdf_render-1.0.18\/ios\/Classes\/SwiftPdfRenderPlugin.swift",
      "kind": "StringLiteral",
      "offset": 9893,
      "length": 26,
      "value": "\"renderPdfPageRgba failed\""
    },
    {
      "filePath": "\/Users\/jinhua\/Desktop\/项目代码\/NAS_Aliyun\/flutter-nas\/cloud_nas_plugin\/pub\/pdf_render-1.0.18\/ios\/Classes\/SwiftPdfRenderPlugin.swift",
      "kind": "StringLiteral",
      "offset": 10892,
      "length": 7,
      "value": "\"texId\""
    },
    {
      "filePath": "\/Users\/jinhua\/Desktop\/项目代码\/NAS_Aliyun\/flutter-nas\/cloud_nas_plugin\/pub\/pdf_render-1.0.18\/ios\/Classes\/SwiftPdfRenderPlugin.swift",
      "kind": "StringLiteral",
      "offset": 11001,
      "length": 30,
      "value": "\"No texture of texId=\""
    },
    {
      "filePath": "\/Users\/jinhua\/Desktop\/项目代码\/NAS_Aliyun\/flutter-nas\/cloud_nas_plugin\/pub\/pdf_render-1.0.18\/ios\/Classes\/SwiftPdfRenderPlugin.swift",
      "kind": "StringLiteral",
      "offset": 11030,
      "length": 2,
      "value": "\"\""
    },
    {
      "filePath": "\/Users\/jinhua\/Desktop\/项目代码\/NAS_Aliyun\/flutter-nas\/cloud_nas_plugin\/pub\/pdf_render-1.0.18\/ios\/Classes\/SwiftPdfRenderPlugin.swift",
      "kind": "StringLiteral",
      "offset": 11056,
      "length": 7,
      "value": "\"width\""
    },
    {
      "filePath": "\/Users\/jinhua\/Desktop\/项目代码\/NAS_Aliyun\/flutter-nas\/cloud_nas_plugin\/pub\/pdf_render-1.0.18\/ios\/Classes\/SwiftPdfRenderPlugin.swift",
      "kind": "StringLiteral",
      "offset": 11090,
      "length": 8,
      "value": "\"height\""
    },
    {
      "filePath": "\/Users\/jinhua\/Desktop\/项目代码\/NAS_Aliyun\/flutter-nas\/cloud_nas_plugin\/pub\/pdf_render-1.0.18\/ios\/Classes\/SwiftPdfRenderPlugin.swift",
      "kind": "StringLiteral",
      "offset": 11253,
      "length": 7,
      "value": "\"texId\""
    },
    {
      "filePath": "\/Users\/jinhua\/Desktop\/项目代码\/NAS_Aliyun\/flutter-nas\/cloud_nas_plugin\/pub\/pdf_render-1.0.18\/ios\/Classes\/SwiftPdfRenderPlugin.swift",
      "kind": "StringLiteral",
      "offset": 11362,
      "length": 30,
      "value": "\"No texture of texId=\""
    },
    {
      "filePath": "\/Users\/jinhua\/Desktop\/项目代码\/NAS_Aliyun\/flutter-nas\/cloud_nas_plugin\/pub\/pdf_render-1.0.18\/ios\/Classes\/SwiftPdfRenderPlugin.swift",
      "kind": "StringLiteral",
      "offset": 11391,
      "length": 2,
      "value": "\"\""
    },
    {
      "filePath": "\/Users\/jinhua\/Desktop\/项目代码\/NAS_Aliyun\/flutter-nas\/cloud_nas_plugin\/pub\/pdf_render-1.0.18\/ios\/Classes\/SwiftPdfRenderPlugin.swift",
      "kind": "StringLiteral",
      "offset": 11421,
      "length": 7,
      "value": "\"docId\""
    },
    {
      "filePath": "\/Users\/jinhua\/Desktop\/项目代码\/NAS_Aliyun\/flutter-nas\/cloud_nas_plugin\/pub\/pdf_render-1.0.18\/ios\/Classes\/SwiftPdfRenderPlugin.swift",
      "kind": "StringLiteral",
      "offset": 11522,
      "length": 40,
      "value": "\"No document instance of docId=\""
    },
    {
      "filePath": "\/Users\/jinhua\/Desktop\/项目代码\/NAS_Aliyun\/flutter-nas\/cloud_nas_plugin\/pub\/pdf_render-1.0.18\/ios\/Classes\/SwiftPdfRenderPlugin.swift",
      "kind": "StringLiteral",
      "offset": 11561,
      "length": 2,
      "value": "\"\""
    },
    {
      "filePath": "\/Users\/jinhua\/Desktop\/项目代码\/NAS_Aliyun\/flutter-nas\/cloud_nas_plugin\/pub\/pdf_render-1.0.18\/ios\/Classes\/SwiftPdfRenderPlugin.swift",
      "kind": "StringLiteral",
      "offset": 11596,
      "length": 12,
      "value": "\"pageNumber\""
    },
    {
      "filePath": "\/Users\/jinhua\/Desktop\/项目代码\/NAS_Aliyun\/flutter-nas\/cloud_nas_plugin\/pub\/pdf_render-1.0.18\/ios\/Classes\/SwiftPdfRenderPlugin.swift",
      "kind": "IntegerLiteral",
      "offset": 11642,
      "length": 1,
      "value": "1"
    },
    {
      "filePath": "\/Users\/jinhua\/Desktop\/项目代码\/NAS_Aliyun\/flutter-nas\/cloud_nas_plugin\/pub\/pdf_render-1.0.18\/ios\/Classes\/SwiftPdfRenderPlugin.swift",
      "kind": "StringLiteral",
      "offset": 11727,
      "length": 65,
      "value": "\"Page number (\""
    },
    {
      "filePath": "\/Users\/jinhua\/Desktop\/项目代码\/NAS_Aliyun\/flutter-nas\/cloud_nas_plugin\/pub\/pdf_render-1.0.18\/ios\/Classes\/SwiftPdfRenderPlugin.swift",
      "kind": "StringLiteral",
      "offset": 11754,
      "length": 1,
      "value": "\") out of range [1 \""
    },
    {
      "filePath": "\/Users\/jinhua\/Desktop\/项目代码\/NAS_Aliyun\/flutter-nas\/cloud_nas_plugin\/pub\/pdf_render-1.0.18\/ios\/Classes\/SwiftPdfRenderPlugin.swift",
      "kind": "StringLiteral",
      "offset": 11790,
      "length": 1,
      "value": "\"]\""
    },
    {
      "filePath": "\/Users\/jinhua\/Desktop\/项目代码\/NAS_Aliyun\/flutter-nas\/cloud_nas_plugin\/pub\/pdf_render-1.0.18\/ios\/Classes\/SwiftPdfRenderPlugin.swift",
      "kind": "IntegerLiteral",
      "offset": 11844,
      "length": 1,
      "value": "1"
    },
    {
      "filePath": "\/Users\/jinhua\/Desktop\/项目代码\/NAS_Aliyun\/flutter-nas\/cloud_nas_plugin\/pub\/pdf_render-1.0.18\/ios\/Classes\/SwiftPdfRenderPlugin.swift",
      "kind": "StringLiteral",
      "offset": 11897,
      "length": 44,
      "value": "\"Page load failed: pageNumber=\""
    },
    {
      "filePath": "\/Users\/jinhua\/Desktop\/项目代码\/NAS_Aliyun\/flutter-nas\/cloud_nas_plugin\/pub\/pdf_render-1.0.18\/ios\/Classes\/SwiftPdfRenderPlugin.swift",
      "kind": "StringLiteral",
      "offset": 11940,
      "length": 2,
      "value": "\"\""
    },
    {
      "filePath": "\/Users\/jinhua\/Desktop\/项目代码\/NAS_Aliyun\/flutter-nas\/cloud_nas_plugin\/pub\/pdf_render-1.0.18\/ios\/Classes\/SwiftPdfRenderPlugin.swift",
      "kind": "StringLiteral",
      "offset": 11971,
      "length": 7,
      "value": "\"destX\""
    },
    {
      "filePath": "\/Users\/jinhua\/Desktop\/项目代码\/NAS_Aliyun\/flutter-nas\/cloud_nas_plugin\/pub\/pdf_render-1.0.18\/ios\/Classes\/SwiftPdfRenderPlugin.swift",
      "kind": "IntegerLiteral",
      "offset": 11991,
      "length": 1,
      "value": "0"
    },
    {
      "filePath": "\/Users\/jinhua\/Desktop\/项目代码\/NAS_Aliyun\/flutter-nas\/cloud_nas_plugin\/pub\/pdf_render-1.0.18\/ios\/Classes\/SwiftPdfRenderPlugin.swift",
      "kind": "StringLiteral",
      "offset": 12014,
      "length": 7,
      "value": "\"destY\""
    },
    {
      "filePath": "\/Users\/jinhua\/Desktop\/项目代码\/NAS_Aliyun\/flutter-nas\/cloud_nas_plugin\/pub\/pdf_render-1.0.18\/ios\/Classes\/SwiftPdfRenderPlugin.swift",
      "kind": "IntegerLiteral",
      "offset": 12034,
      "length": 1,
      "value": "0"
    },
    {
      "filePath": "\/Users\/jinhua\/Desktop\/项目代码\/NAS_Aliyun\/flutter-nas\/cloud_nas_plugin\/pub\/pdf_render-1.0.18\/ios\/Classes\/SwiftPdfRenderPlugin.swift",
      "kind": "StringLiteral",
      "offset": 12057,
      "length": 7,
      "value": "\"width\""
    },
    {
      "filePath": "\/Users\/jinhua\/Desktop\/项目代码\/NAS_Aliyun\/flutter-nas\/cloud_nas_plugin\/pub\/pdf_render-1.0.18\/ios\/Classes\/SwiftPdfRenderPlugin.swift",
      "kind": "StringLiteral",
      "offset": 12096,
      "length": 8,
      "value": "\"height\""
    },
    {
      "filePath": "\/Users\/jinhua\/Desktop\/项目代码\/NAS_Aliyun\/flutter-nas\/cloud_nas_plugin\/pub\/pdf_render-1.0.18\/ios\/Classes\/SwiftPdfRenderPlugin.swift",
      "kind": "StringLiteral",
      "offset": 12134,
      "length": 6,
      "value": "\"srcX\""
    },
    {
      "filePath": "\/Users\/jinhua\/Desktop\/项目代码\/NAS_Aliyun\/flutter-nas\/cloud_nas_plugin\/pub\/pdf_render-1.0.18\/ios\/Classes\/SwiftPdfRenderPlugin.swift",
      "kind": "IntegerLiteral",
      "offset": 12153,
      "length": 1,
      "value": "0"
    },
    {
      "filePath": "\/Users\/jinhua\/Desktop\/项目代码\/NAS_Aliyun\/flutter-nas\/cloud_nas_plugin\/pub\/pdf_render-1.0.18\/ios\/Classes\/SwiftPdfRenderPlugin.swift",
      "kind": "StringLiteral",
      "offset": 12175,
      "length": 6,
      "value": "\"srcY\""
    },
    {
      "filePath": "\/Users\/jinhua\/Desktop\/项目代码\/NAS_Aliyun\/flutter-nas\/cloud_nas_plugin\/pub\/pdf_render-1.0.18\/ios\/Classes\/SwiftPdfRenderPlugin.swift",
      "kind": "IntegerLiteral",
      "offset": 12194,
      "length": 1,
      "value": "0"
    },
    {
      "filePath": "\/Users\/jinhua\/Desktop\/项目代码\/NAS_Aliyun\/flutter-nas\/cloud_nas_plugin\/pub\/pdf_render-1.0.18\/ios\/Classes\/SwiftPdfRenderPlugin.swift",
      "kind": "StringLiteral",
      "offset": 12214,
      "length": 11,
      "value": "\"fullWidth\""
    },
    {
      "filePath": "\/Users\/jinhua\/Desktop\/项目代码\/NAS_Aliyun\/flutter-nas\/cloud_nas_plugin\/pub\/pdf_render-1.0.18\/ios\/Classes\/SwiftPdfRenderPlugin.swift",
      "kind": "StringLiteral",
      "offset": 12256,
      "length": 12,
      "value": "\"fullHeight\""
    },
    {
      "filePath": "\/Users\/jinhua\/Desktop\/项目代码\/NAS_Aliyun\/flutter-nas\/cloud_nas_plugin\/pub\/pdf_render-1.0.18\/ios\/Classes\/SwiftPdfRenderPlugin.swift",
      "kind": "StringLiteral",
      "offset": 12311,
      "length": 16,
      "value": "\"backgroundFill\""
    },
    {
      "filePath": "\/Users\/jinhua\/Desktop\/项目代码\/NAS_Aliyun\/flutter-nas\/cloud_nas_plugin\/pub\/pdf_render-1.0.18\/ios\/Classes\/SwiftPdfRenderPlugin.swift",
      "kind": "BooleanLiteral",
      "offset": 12341,
      "length": 4,
      "value": "true"
    },
    {
      "filePath": "\/Users\/jinhua\/Desktop\/项目代码\/NAS_Aliyun\/flutter-nas\/cloud_nas_plugin\/pub\/pdf_render-1.0.18\/ios\/Classes\/SwiftPdfRenderPlugin.swift",
      "kind": "StringLiteral",
      "offset": 12379,
      "length": 22,
      "value": "\"allowAntialiasingIOS\""
    },
    {
      "filePath": "\/Users\/jinhua\/Desktop\/项目代码\/NAS_Aliyun\/flutter-nas\/cloud_nas_plugin\/pub\/pdf_render-1.0.18\/ios\/Classes\/SwiftPdfRenderPlugin.swift",
      "kind": "BooleanLiteral",
      "offset": 12415,
      "length": 4,
      "value": "true"
    },
    {
      "filePath": "\/Users\/jinhua\/Desktop\/项目代码\/NAS_Aliyun\/flutter-nas\/cloud_nas_plugin\/pub\/pdf_render-1.0.18\/ios\/Classes\/SwiftPdfRenderPlugin.swift",
      "kind": "StringLiteral",
      "offset": 12439,
      "length": 10,
      "value": "\"texWidth\""
    },
    {
      "filePath": "\/Users\/jinhua\/Desktop\/项目代码\/NAS_Aliyun\/flutter-nas\/cloud_nas_plugin\/pub\/pdf_render-1.0.18\/ios\/Classes\/SwiftPdfRenderPlugin.swift",
      "kind": "StringLiteral",
      "offset": 12477,
      "length": 11,
      "value": "\"texHeight\""
    },
    {
      "filePath": "\/Users\/jinhua\/Desktop\/项目代码\/NAS_Aliyun\/flutter-nas\/cloud_nas_plugin\/pub\/pdf_render-1.0.18\/ios\/Classes\/SwiftPdfRenderPlugin.swift",
      "kind": "StringLiteral",
      "offset": 12665,
      "length": 18,
      "value": "\"width\/height nil\""
    },
    {
      "filePath": "\/Users\/jinhua\/Desktop\/项目代码\/NAS_Aliyun\/flutter-nas\/cloud_nas_plugin\/pub\/pdf_render-1.0.18\/ios\/Classes\/SwiftPdfRenderPlugin.swift",
      "kind": "IntegerLiteral",
      "offset": 12926,
      "length": 1,
      "value": "0"
    },
    {
      "filePath": "\/Users\/jinhua\/Desktop\/项目代码\/NAS_Aliyun\/flutter-nas\/cloud_nas_plugin\/pub\/pdf_render-1.0.18\/ios\/Classes\/SwiftPdfRenderPlugin.swift",
      "kind": "StringLiteral",
      "offset": 920,
      "length": 20,
      "value": "\"pdf_render.SwiftPdfRenderPlugin\""
    },
    {
      "filePath": "\/Users\/jinhua\/Desktop\/项目代码\/NAS_Aliyun\/flutter-nas\/cloud_nas_plugin\/pub\/pdf_render-1.0.18\/ios\/Classes\/SwiftPdfRenderPlugin.swift",
      "kind": "IntegerLiteral",
      "offset": 13859,
      "length": 1,
      "value": "0"
    },
    {
      "filePath": "\/Users\/jinhua\/Desktop\/项目代码\/NAS_Aliyun\/flutter-nas\/cloud_nas_plugin\/pub\/pdf_render-1.0.18\/ios\/Classes\/SwiftPdfRenderPlugin.swift",
      "kind": "IntegerLiteral",
      "offset": 13913,
      "length": 1,
      "value": "0"
    },
    {
      "filePath": "\/Users\/jinhua\/Desktop\/项目代码\/NAS_Aliyun\/flutter-nas\/cloud_nas_plugin\/pub\/pdf_render-1.0.18\/ios\/Classes\/SwiftPdfRenderPlugin.swift",
      "kind": "FloatLiteral",
      "offset": 13973,
      "length": 3,
      "value": "0.0"
    },
    {
      "filePath": "\/Users\/jinhua\/Desktop\/项目代码\/NAS_Aliyun\/flutter-nas\/cloud_nas_plugin\/pub\/pdf_render-1.0.18\/ios\/Classes\/SwiftPdfRenderPlugin.swift",
      "kind": "FloatLiteral",
      "offset": 14025,
      "length": 3,
      "value": "0.0"
    },
    {
      "filePath": "\/Users\/jinhua\/Desktop\/项目代码\/NAS_Aliyun\/flutter-nas\/cloud_nas_plugin\/pub\/pdf_render-1.0.18\/ios\/Classes\/SwiftPdfRenderPlugin.swift",
      "kind": "IntegerLiteral",
      "offset": 14162,
      "length": 1,
      "value": "4"
    },
    {
      "filePath": "\/Users\/jinhua\/Desktop\/项目代码\/NAS_Aliyun\/flutter-nas\/cloud_nas_plugin\/pub\/pdf_render-1.0.18\/ios\/Classes\/SwiftPdfRenderPlugin.swift",
      "kind": "IntegerLiteral",
      "offset": 14315,
      "length": 4,
      "value": "0xff"
    },
    {
      "filePath": "\/Users\/jinhua\/Desktop\/项目代码\/NAS_Aliyun\/flutter-nas\/cloud_nas_plugin\/pub\/pdf_render-1.0.18\/ios\/Classes\/SwiftPdfRenderPlugin.swift",
      "kind": "IntegerLiteral",
      "offset": 14322,
      "length": 1,
      "value": "0"
    },
    {
      "filePath": "\/Users\/jinhua\/Desktop\/项目代码\/NAS_Aliyun\/flutter-nas\/cloud_nas_plugin\/pub\/pdf_render-1.0.18\/ios\/Classes\/SwiftPdfRenderPlugin.swift",
      "kind": "BooleanLiteral",
      "offset": 14357,
      "length": 5,
      "value": "false"
    },
    {
      "filePath": "\/Users\/jinhua\/Desktop\/项目代码\/NAS_Aliyun\/flutter-nas\/cloud_nas_plugin\/pub\/pdf_render-1.0.18\/ios\/Classes\/SwiftPdfRenderPlugin.swift",
      "kind": "IntegerLiteral",
      "offset": 14485,
      "length": 1,
      "value": "8"
    },
    {
      "filePath": "\/Users\/jinhua\/Desktop\/项目代码\/NAS_Aliyun\/flutter-nas\/cloud_nas_plugin\/pub\/pdf_render-1.0.18\/ios\/Classes\/SwiftPdfRenderPlugin.swift",
      "kind": "BooleanLiteral",
      "offset": 14864,
      "length": 4,
      "value": "true"
    },
    {
      "filePath": "\/Users\/jinhua\/Desktop\/项目代码\/NAS_Aliyun\/flutter-nas\/cloud_nas_plugin\/pub\/pdf_render-1.0.18\/ios\/Classes\/SwiftPdfRenderPlugin.swift",
      "kind": "IntegerLiteral",
      "offset": 15353,
      "length": 1,
      "value": "0"
    },
    {
      "filePath": "\/Users\/jinhua\/Desktop\/项目代码\/NAS_Aliyun\/flutter-nas\/cloud_nas_plugin\/pub\/pdf_render-1.0.18\/ios\/Classes\/SwiftPdfRenderPlugin.swift",
      "kind": "IntegerLiteral",
      "offset": 15377,
      "length": 1,
      "value": "0"
    },
    {
      "filePath": "\/Users\/jinhua\/Desktop\/项目代码\/NAS_Aliyun\/flutter-nas\/cloud_nas_plugin\/pub\/pdf_render-1.0.18\/ios\/Classes\/SwiftPdfRenderPlugin.swift",
      "kind": "IntegerLiteral",
      "offset": 15402,
      "length": 1,
      "value": "0"
    },
    {
      "filePath": "\/Users\/jinhua\/Desktop\/项目代码\/NAS_Aliyun\/flutter-nas\/cloud_nas_plugin\/pub\/pdf_render-1.0.18\/ios\/Classes\/SwiftPdfRenderPlugin.swift",
      "kind": "BooleanLiteral",
      "offset": 15834,
      "length": 5,
      "value": "false"
    },
    {
      "filePath": "\/Users\/jinhua\/Desktop\/项目代码\/NAS_Aliyun\/flutter-nas\/cloud_nas_plugin\/pub\/pdf_render-1.0.18\/ios\/Classes\/SwiftPdfRenderPlugin.swift",
      "kind": "BooleanLiteral",
      "offset": 15867,
      "length": 4,
      "value": "true"
    },
    {
      "filePath": "\/Users\/jinhua\/Desktop\/项目代码\/NAS_Aliyun\/flutter-nas\/cloud_nas_plugin\/pub\/pdf_render-1.0.18\/ios\/Classes\/SwiftPdfRenderPlugin.swift",
      "kind": "BooleanLiteral",
      "offset": 16231,
      "length": 4,
      "value": "true"
    },
    {
      "filePath": "\/Users\/jinhua\/Desktop\/项目代码\/NAS_Aliyun\/flutter-nas\/cloud_nas_plugin\/pub\/pdf_render-1.0.18\/ios\/Classes\/SwiftPdfRenderPlugin.swift",
      "kind": "BooleanLiteral",
      "offset": 16300,
      "length": 4,
      "value": "true"
    },
    {
      "filePath": "\/Users\/jinhua\/Desktop\/项目代码\/NAS_Aliyun\/flutter-nas\/cloud_nas_plugin\/pub\/pdf_render-1.0.18\/ios\/Classes\/SwiftPdfRenderPlugin.swift",
      "kind": "Dictionary",
      "offset": 16360,
      "length": 3,
      "value": "[]"
    },
    {
      "filePath": "\/Users\/jinhua\/Desktop\/项目代码\/NAS_Aliyun\/flutter-nas\/cloud_nas_plugin\/pub\/pdf_render-1.0.18\/ios\/Classes\/SwiftPdfRenderPlugin.swift",
      "kind": "StringLiteral",
      "offset": 16596,
      "length": 50,
      "value": "\"CVPixelBufferCreate failed: result code=\""
    },
    {
      "filePath": "\/Users\/jinhua\/Desktop\/项目代码\/NAS_Aliyun\/flutter-nas\/cloud_nas_plugin\/pub\/pdf_render-1.0.18\/ios\/Classes\/SwiftPdfRenderPlugin.swift",
      "kind": "StringLiteral",
      "offset": 16645,
      "length": 2,
      "value": "\"\""
    },
    {
      "filePath": "\/Users\/jinhua\/Desktop\/项目代码\/NAS_Aliyun\/flutter-nas\/cloud_nas_plugin\/pub\/pdf_render-1.0.18\/ios\/Classes\/SwiftPdfRenderPlugin.swift",
      "kind": "IntegerLiteral",
      "offset": 16708,
      "length": 1,
      "value": "0"
    },
    {
      "filePath": "\/Users\/jinhua\/Desktop\/项目代码\/NAS_Aliyun\/flutter-nas\/cloud_nas_plugin\/pub\/pdf_render-1.0.18\/ios\/Classes\/SwiftPdfRenderPlugin.swift",
      "kind": "IntegerLiteral",
      "offset": 17092,
      "length": 1,
      "value": "4"
    },
    {
      "filePath": "\/Users\/jinhua\/Desktop\/项目代码\/NAS_Aliyun\/flutter-nas\/cloud_nas_plugin\/pub\/pdf_render-1.0.18\/ios\/Classes\/SwiftPdfRenderPlugin.swift",
      "kind": "IntegerLiteral",
      "offset": 17250,
      "length": 1,
      "value": "8"
    },
    {
      "filePath": "\/Users\/jinhua\/Desktop\/项目代码\/NAS_Aliyun\/flutter-nas\/cloud_nas_plugin\/pub\/pdf_render-1.0.18\/ios\/Classes\/SwiftPdfRenderPlugin.swift",
      "kind": "IntegerLiteral",
      "offset": 17671,
      "length": 1,
      "value": "0"
    },
    {
      "filePath": "\/Users\/jinhua\/Desktop\/项目代码\/NAS_Aliyun\/flutter-nas\/cloud_nas_plugin\/pub\/pdf_render-1.0.18\/ios\/Classes\/SwiftPdfRenderPlugin.swift",
      "kind": "IntegerLiteral",
      "offset": 17677,
      "length": 1,
      "value": "0"
    },
    {
      "filePath": "\/Users\/jinhua\/Desktop\/项目代码\/NAS_Aliyun\/flutter-nas\/cloud_nas_plugin\/pub\/pdf_render-1.0.18\/ios\/Classes\/SwiftPdfRenderPlugin.swift",
      "kind": "StringLiteral",
      "offset": 15228,
      "length": 14,
      "value": "\"pdf_render.PdfPageTexture\""
    }
  ]
}