{
  "ABIRoot": {
    "kind": "Root",
    "name": "TopLevel",
    "printedName": "TopLevel",
    "children": [
      {
        "kind": "Import",
        "name": "Flutter",
        "printedName": "Flutter",
        "declKind": "Import",
        "moduleName": "gallery_saver"
      },
      {
        "kind": "Import",
        "name": "UIKit",
        "printedName": "UIKit",
        "declKind": "Import",
        "moduleName": "gallery_saver"
      },
      {
        "kind": "Import",
        "name": "Photos",
        "printedName": "Photos",
        "declKind": "Import",
        "moduleName": "gallery_saver"
      },
      {
        "kind": "TypeDecl",
        "name": "SwiftGallerySaverPlugin",
        "printedName": "SwiftGallerySaverPlugin",
        "children": [
          {
            "kind": "Function",
            "name": "register",
            "printedName": "register(with:)",
            "children": [
              {
                "kind": "TypeNominal",
                "name": "Void",
                "printedName": "()"
              },
              {
                "kind": "TypeNominal",
                "name": "FlutterPluginRegistrar",
                "printedName": "Flutter.FlutterPluginRegistrar",
                "usr": "c:objc(pl)FlutterPluginRegistrar"
              }
            ],
            "declKind": "Func",
            "usr": "c:@M@gallery_saver@objc(cs)SwiftGallerySaverPlugin(cm)registerWithRegistrar:",
            "mangledName": "$s13gallery_saver23SwiftGallerySaverPluginC8register4withySo07FlutterF9Registrar_p_tFZ",
            "moduleName": "gallery_saver",
            "static": true,
            "objc_name": "registerWithRegistrar:",
            "declAttributes": [
              "Final",
              "ObjC",
              "AccessControl"
            ],
            "funcSelfKind": "NonMutating"
          },
          {
            "kind": "Function",
            "name": "handle",
            "printedName": "handle(_:result:)",
            "children": [
              {
                "kind": "TypeNominal",
                "name": "Void",
                "printedName": "()"
              },
              {
                "kind": "TypeNominal",
                "name": "FlutterMethodCall",
                "printedName": "Flutter.FlutterMethodCall",
                "usr": "c:objc(cs)FlutterMethodCall"
              },
              {
                "kind": "TypeFunc",
                "name": "Function",
                "printedName": "(Any?) -> ()",
                "children": [
                  {
                    "kind": "TypeNominal",
                    "name": "Void",
                    "printedName": "()"
                  },
                  {
                    "kind": "TypeNominal",
                    "name": "Optional",
                    "printedName": "Any?",
                    "children": [
                      {
                        "kind": "TypeNominal",
                        "name": "ProtocolComposition",
                        "printedName": "Any"
                      }
                    ],
                    "usr": "s:Sq"
                  }
                ]
              }
            ],
            "declKind": "Func",
            "usr": "c:@M@gallery_saver@objc(cs)SwiftGallerySaverPlugin(im)handleMethodCall:result:",
            "mangledName": "$s13gallery_saver23SwiftGallerySaverPluginC6handle_6resultySo17FlutterMethodCallC_yypSgctF",
            "moduleName": "gallery_saver",
            "objc_name": "handleMethodCall:result:",
            "declAttributes": [
              "ObjC",
              "AccessControl"
            ],
            "funcSelfKind": "NonMutating"
          },
          {
            "kind": "Constructor",
            "name": "init",
            "printedName": "init()",
            "children": [
              {
                "kind": "TypeNominal",
                "name": "SwiftGallerySaverPlugin",
                "printedName": "gallery_saver.SwiftGallerySaverPlugin",
                "usr": "c:@M@gallery_saver@objc(cs)SwiftGallerySaverPlugin"
              }
            ],
            "declKind": "Constructor",
            "usr": "c:@M@gallery_saver@objc(cs)SwiftGallerySaverPlugin(im)init",
            "mangledName": "$s13gallery_saver23SwiftGallerySaverPluginCACycfc",
            "moduleName": "gallery_saver",
            "overriding": true,
            "implicit": true,
            "objc_name": "init",
            "declAttributes": [
              "Dynamic",
              "ObjC",
              "Override"
            ],
            "init_kind": "Designated"
          }
        ],
        "declKind": "Class",
        "usr": "c:@M@gallery_saver@objc(cs)SwiftGallerySaverPlugin",
        "mangledName": "$s13gallery_saver23SwiftGallerySaverPluginC",
        "moduleName": "gallery_saver",
        "declAttributes": [
          "AccessControl",
          "ObjC"
        ],
        "superclassUsr": "c:objc(cs)NSObject",
        "inheritsConvenienceInitializers": true,
        "superclassNames": [
          "ObjectiveC.NSObject"
        ],
        "conformances": [
          {
            "kind": "Conformance",
            "name": "Equatable",
            "printedName": "Equatable",
            "usr": "s:SQ",
            "mangledName": "$sSQ"
          },
          {
            "kind": "Conformance",
            "name": "Hashable",
            "printedName": "Hashable",
            "usr": "s:SH",
            "mangledName": "$sSH"
          },
          {
            "kind": "Conformance",
            "name": "CVarArg",
            "printedName": "CVarArg",
            "usr": "s:s7CVarArgP",
            "mangledName": "$ss7CVarArgP"
          },
          {
            "kind": "Conformance",
            "name": "_KeyValueCodingAndObservingPublishing",
            "printedName": "_KeyValueCodingAndObservingPublishing",
            "usr": "s:10Foundation37_KeyValueCodingAndObservingPublishingP",
            "mangledName": "$s10Foundation37_KeyValueCodingAndObservingPublishingP"
          },
          {
            "kind": "Conformance",
            "name": "_KeyValueCodingAndObserving",
            "printedName": "_KeyValueCodingAndObserving",
            "usr": "s:10Foundation27_KeyValueCodingAndObservingP",
            "mangledName": "$s10Foundation27_KeyValueCodingAndObservingP"
          },
          {
            "kind": "Conformance",
            "name": "CustomStringConvertible",
            "printedName": "CustomStringConvertible",
            "usr": "s:s23CustomStringConvertibleP",
            "mangledName": "$ss23CustomStringConvertibleP"
          },
          {
            "kind": "Conformance",
            "name": "CustomDebugStringConvertible",
            "printedName": "CustomDebugStringConvertible",
            "usr": "s:s28CustomDebugStringConvertibleP",
            "mangledName": "$ss28CustomDebugStringConvertibleP"
          }
        ]
      }
    ],
    "json_format_version": 8
  },
  "ConstValues": [
    {
      "filePath": "\/Users\/jinhua\/Desktop\/项目代码\/NAS_Aliyun\/flutter-nas\/cloud_nas_plugin\/pub\/gallery_saver-2.3.2\/ios\/Classes\/SwiftGallerySaverPlugin.swift",
      "kind": "IntegerLiteral",
      "offset": 89,
      "length": 5,
      "value": "1"
    },
    {
      "filePath": "\/Users\/jinhua\/Desktop\/项目代码\/NAS_Aliyun\/flutter-nas\/cloud_nas_plugin\/pub\/gallery_saver-2.3.2\/ios\/Classes\/SwiftGallerySaverPlugin.swift",
      "kind": "IntegerLiteral",
      "offset": 89,
      "length": 5,
      "value": "1"
    },
    {
      "filePath": "\/Users\/jinhua\/Desktop\/项目代码\/NAS_Aliyun\/flutter-nas\/cloud_nas_plugin\/pub\/gallery_saver-2.3.2\/ios\/Classes\/SwiftGallerySaverPlugin.swift",
      "kind": "IntegerLiteral",
      "offset": 89,
      "length": 5,
      "value": "1"
    },
    {
      "filePath": "\/Users\/jinhua\/Desktop\/项目代码\/NAS_Aliyun\/flutter-nas\/cloud_nas_plugin\/pub\/gallery_saver-2.3.2\/ios\/Classes\/SwiftGallerySaverPlugin.swift",
      "kind": "StringLiteral",
      "offset": 177,
      "length": 6,
      "value": "\"path\""
    },
    {
      "filePath": "\/Users\/jinhua\/Desktop\/项目代码\/NAS_Aliyun\/flutter-nas\/cloud_nas_plugin\/pub\/gallery_saver-2.3.2\/ios\/Classes\/SwiftGallerySaverPlugin.swift",
      "kind": "StringLiteral",
      "offset": 204,
      "length": 11,
      "value": "\"albumName\""
    },
    {
      "filePath": "\/Users\/jinhua\/Desktop\/项目代码\/NAS_Aliyun\/flutter-nas\/cloud_nas_plugin\/pub\/gallery_saver-2.3.2\/ios\/Classes\/SwiftGallerySaverPlugin.swift",
      "kind": "StringLiteral",
      "offset": 344,
      "length": 15,
      "value": "\"gallery_saver\""
    },
    {
      "filePath": "\/Users\/jinhua\/Desktop\/项目代码\/NAS_Aliyun\/flutter-nas\/cloud_nas_plugin\/pub\/gallery_saver-2.3.2\/ios\/Classes\/SwiftGallerySaverPlugin.swift",
      "kind": "StringLiteral",
      "offset": 640,
      "length": 11,
      "value": "\"saveImage\""
    },
    {
      "filePath": "\/Users\/jinhua\/Desktop\/项目代码\/NAS_Aliyun\/flutter-nas\/cloud_nas_plugin\/pub\/gallery_saver-2.3.2\/ios\/Classes\/SwiftGallerySaverPlugin.swift",
      "kind": "StringLiteral",
      "offset": 736,
      "length": 11,
      "value": "\"saveVideo\""
    },
    {
      "filePath": "\/Users\/jinhua\/Desktop\/项目代码\/NAS_Aliyun\/flutter-nas\/cloud_nas_plugin\/pub\/gallery_saver-2.3.2\/ios\/Classes\/SwiftGallerySaverPlugin.swift",
      "kind": "BooleanLiteral",
      "offset": 1849,
      "length": 5,
      "value": "false"
    },
    {
      "filePath": "\/Users\/jinhua\/Desktop\/项目代码\/NAS_Aliyun\/flutter-nas\/cloud_nas_plugin\/pub\/gallery_saver-2.3.2\/ios\/Classes\/SwiftGallerySaverPlugin.swift",
      "kind": "BooleanLiteral",
      "offset": 2039,
      "length": 5,
      "value": "false"
    },
    {
      "filePath": "\/Users\/jinhua\/Desktop\/项目代码\/NAS_Aliyun\/flutter-nas\/cloud_nas_plugin\/pub\/gallery_saver-2.3.2\/ios\/Classes\/SwiftGallerySaverPlugin.swift",
      "kind": "BooleanLiteral",
      "offset": 2687,
      "length": 5,
      "value": "false"
    },
    {
      "filePath": "\/Users\/jinhua\/Desktop\/项目代码\/NAS_Aliyun\/flutter-nas\/cloud_nas_plugin\/pub\/gallery_saver-2.3.2\/ios\/Classes\/SwiftGallerySaverPlugin.swift",
      "kind": "BooleanLiteral",
      "offset": 2958,
      "length": 5,
      "value": "false"
    },
    {
      "filePath": "\/Users\/jinhua\/Desktop\/项目代码\/NAS_Aliyun\/flutter-nas\/cloud_nas_plugin\/pub\/gallery_saver-2.3.2\/ios\/Classes\/SwiftGallerySaverPlugin.swift",
      "kind": "BooleanLiteral",
      "offset": 4018,
      "length": 4,
      "value": "true"
    },
    {
      "filePath": "\/Users\/jinhua\/Desktop\/项目代码\/NAS_Aliyun\/flutter-nas\/cloud_nas_plugin\/pub\/gallery_saver-2.3.2\/ios\/Classes\/SwiftGallerySaverPlugin.swift",
      "kind": "BooleanLiteral",
      "offset": 4075,
      "length": 5,
      "value": "false"
    },
    {
      "filePath": "\/Users\/jinhua\/Desktop\/项目代码\/NAS_Aliyun\/flutter-nas\/cloud_nas_plugin\/pub\/gallery_saver-2.3.2\/ios\/Classes\/SwiftGallerySaverPlugin.swift",
      "kind": "StringLiteral",
      "offset": 4304,
      "length": 12,
      "value": "\"title = %@\""
    }
  ]
}