{
  "ABIRoot": {
    "kind": "Root",
    "name": "TopLevel",
    "printedName": "TopLevel",
    "children": [
      {
        "kind": "Import",
        "name": "UIKit",
        "printedName": "UIKit",
        "declKind": "Import",
        "moduleName": "flutter_filereader",
        "declAttributes": [
          "RawDocComment"
        ]
      },
      {
        "kind": "Import",
        "name": "UIKit",
        "printedName": "UIKit",
        "declKind": "Import",
        "moduleName": "flutter_filereader",
        "declAttributes": [
          "RawDocComment"
        ]
      },
      {
        "kind": "Import",
        "name": "WebKit",
        "printedName": "WebKit",
        "declKind": "Import",
        "moduleName": "flutter_filereader"
      },
      {
        "kind": "Import",
        "name": "UIKit",
        "printedName": "UIKit",
        "declKind": "Import",
        "moduleName": "flutter_filereader",
        "declAttributes": [
          "RawDocComment"
        ]
      },
      {
        "kind": "Import",
        "name": "WebKit",
        "printedName": "WebKit",
        "declKind": "Import",
        "moduleName": "flutter_filereader"
      },
      {
        "kind": "Import",
        "name": "Flutter",
        "printedName": "Flutter",
        "declKind": "Import",
        "moduleName": "flutter_filereader"
      },
      {
        "kind": "Import",
        "name": "UIKit",
        "printedName": "UIKit",
        "declKind": "Import",
        "moduleName": "flutter_filereader"
      },
      {
        "kind": "Function",
        "name": "isSupportOpen",
        "printedName": "isSupportOpen(fileType:)",
        "children": [
          {
            "kind": "TypeNominal",
            "name": "Bool",
            "printedName": "Swift.Bool",
            "usr": "s:Sb"
          },
          {
            "kind": "TypeNominal",
            "name": "String",
            "printedName": "Swift.String",
            "usr": "s:SS"
          }
        ],
        "declKind": "Func",
        "usr": "s:18flutter_filereader13isSupportOpen8fileTypeSbSS_tF",
        "mangledName": "$s18flutter_filereader13isSupportOpen8fileTypeSbSS_tF",
        "moduleName": "flutter_filereader",
        "declAttributes": [
          "AccessControl"
        ],
        "funcSelfKind": "NonMutating"
      },
      {
        "kind": "Function",
        "name": "fileType",
        "printedName": "fileType(filePath:)",
        "children": [
          {
            "kind": "TypeNominal",
            "name": "String",
            "printedName": "Swift.String",
            "usr": "s:SS"
          },
          {
            "kind": "TypeNominal",
            "name": "Optional",
            "printedName": "Swift.String?",
            "children": [
              {
                "kind": "TypeNominal",
                "name": "String",
                "printedName": "Swift.String",
                "usr": "s:SS"
              }
            ],
            "usr": "s:Sq"
          }
        ],
        "declKind": "Func",
        "usr": "s:18flutter_filereader8fileType0C4PathS2SSg_tF",
        "mangledName": "$s18flutter_filereader8fileType0C4PathS2SSg_tF",
        "moduleName": "flutter_filereader",
        "declAttributes": [
          "AccessControl"
        ],
        "funcSelfKind": "NonMutating"
      },
      {
        "kind": "TypeDecl",
        "name": "SwiftFlutterFileReaderPlugin",
        "printedName": "SwiftFlutterFileReaderPlugin",
        "children": [
          {
            "kind": "Function",
            "name": "register",
            "printedName": "register(with:)",
            "children": [
              {
                "kind": "TypeNominal",
                "name": "Void",
                "printedName": "()"
              },
              {
                "kind": "TypeNominal",
                "name": "FlutterPluginRegistrar",
                "printedName": "Flutter.FlutterPluginRegistrar",
                "usr": "c:objc(pl)FlutterPluginRegistrar"
              }
            ],
            "declKind": "Func",
            "usr": "c:@M@flutter_filereader@objc(cs)SwiftFlutterFileReaderPlugin(cm)registerWithRegistrar:",
            "mangledName": "$s18flutter_filereader28SwiftFlutterFileReaderPluginC8register4withySo0dG9Registrar_p_tFZ",
            "moduleName": "flutter_filereader",
            "static": true,
            "objc_name": "registerWithRegistrar:",
            "declAttributes": [
              "Final",
              "ObjC",
              "AccessControl"
            ],
            "funcSelfKind": "NonMutating"
          },
          {
            "kind": "Function",
            "name": "handle",
            "printedName": "handle(_:result:)",
            "children": [
              {
                "kind": "TypeNominal",
                "name": "Void",
                "printedName": "()"
              },
              {
                "kind": "TypeNominal",
                "name": "FlutterMethodCall",
                "printedName": "Flutter.FlutterMethodCall",
                "usr": "c:objc(cs)FlutterMethodCall"
              },
              {
                "kind": "TypeFunc",
                "name": "Function",
                "printedName": "(Any?) -> ()",
                "children": [
                  {
                    "kind": "TypeNominal",
                    "name": "Void",
                    "printedName": "()"
                  },
                  {
                    "kind": "TypeNominal",
                    "name": "Optional",
                    "printedName": "Any?",
                    "children": [
                      {
                        "kind": "TypeNominal",
                        "name": "ProtocolComposition",
                        "printedName": "Any"
                      }
                    ],
                    "usr": "s:Sq"
                  }
                ]
              }
            ],
            "declKind": "Func",
            "usr": "c:@M@flutter_filereader@objc(cs)SwiftFlutterFileReaderPlugin(im)handleMethodCall:result:",
            "mangledName": "$s18flutter_filereader28SwiftFlutterFileReaderPluginC6handle_6resultySo0D10MethodCallC_yypSgctF",
            "moduleName": "flutter_filereader",
            "objc_name": "handleMethodCall:result:",
            "declAttributes": [
              "ObjC",
              "AccessControl"
            ],
            "funcSelfKind": "NonMutating"
          },
          {
            "kind": "Constructor",
            "name": "init",
            "printedName": "init()",
            "children": [
              {
                "kind": "TypeNominal",
                "name": "SwiftFlutterFileReaderPlugin",
                "printedName": "flutter_filereader.SwiftFlutterFileReaderPlugin",
                "usr": "c:@M@flutter_filereader@objc(cs)SwiftFlutterFileReaderPlugin"
              }
            ],
            "declKind": "Constructor",
            "usr": "c:@M@flutter_filereader@objc(cs)SwiftFlutterFileReaderPlugin(im)init",
            "mangledName": "$s18flutter_filereader28SwiftFlutterFileReaderPluginCACycfc",
            "moduleName": "flutter_filereader",
            "overriding": true,
            "implicit": true,
            "objc_name": "init",
            "declAttributes": [
              "Dynamic",
              "ObjC",
              "Override"
            ],
            "init_kind": "Designated"
          }
        ],
        "declKind": "Class",
        "usr": "c:@M@flutter_filereader@objc(cs)SwiftFlutterFileReaderPlugin",
        "mangledName": "$s18flutter_filereader28SwiftFlutterFileReaderPluginC",
        "moduleName": "flutter_filereader",
        "declAttributes": [
          "AccessControl",
          "ObjC"
        ],
        "superclassUsr": "c:objc(cs)NSObject",
        "inheritsConvenienceInitializers": true,
        "superclassNames": [
          "ObjectiveC.NSObject"
        ],
        "conformances": [
          {
            "kind": "Conformance",
            "name": "Equatable",
            "printedName": "Equatable",
            "usr": "s:SQ",
            "mangledName": "$sSQ"
          },
          {
            "kind": "Conformance",
            "name": "Hashable",
            "printedName": "Hashable",
            "usr": "s:SH",
            "mangledName": "$sSH"
          },
          {
            "kind": "Conformance",
            "name": "CVarArg",
            "printedName": "CVarArg",
            "usr": "s:s7CVarArgP",
            "mangledName": "$ss7CVarArgP"
          },
          {
            "kind": "Conformance",
            "name": "_KeyValueCodingAndObservingPublishing",
            "printedName": "_KeyValueCodingAndObservingPublishing",
            "usr": "s:10Foundation37_KeyValueCodingAndObservingPublishingP",
            "mangledName": "$s10Foundation37_KeyValueCodingAndObservingPublishingP"
          },
          {
            "kind": "Conformance",
            "name": "_KeyValueCodingAndObserving",
            "printedName": "_KeyValueCodingAndObserving",
            "usr": "s:10Foundation27_KeyValueCodingAndObservingP",
            "mangledName": "$s10Foundation27_KeyValueCodingAndObservingP"
          },
          {
            "kind": "Conformance",
            "name": "CustomStringConvertible",
            "printedName": "CustomStringConvertible",
            "usr": "s:s23CustomStringConvertibleP",
            "mangledName": "$ss23CustomStringConvertibleP"
          },
          {
            "kind": "Conformance",
            "name": "CustomDebugStringConvertible",
            "printedName": "CustomDebugStringConvertible",
            "usr": "s:s28CustomDebugStringConvertibleP",
            "mangledName": "$ss28CustomDebugStringConvertibleP"
          }
        ]
      }
    ],
    "json_format_version": 8
  },
  "ConstValues": [
    {
      "filePath": "\/Users\/jinhua\/Desktop\/项目代码\/NAS_Aliyun\/flutter-nas\/cloud_nas_plugin\/pub\/flutter_filereader-3.0.0\/ios\/Classes\/FileReaderFactory.swift",
      "kind": "StringLiteral",
      "offset": 116,
      "length": 17,
      "value": "\"flutter_filereader.FileReaderFactory\""
    },
    {
      "filePath": "\/Users\/jinhua\/Desktop\/项目代码\/NAS_Aliyun\/flutter-nas\/cloud_nas_plugin\/pub\/flutter_filereader-3.0.0\/ios\/Classes\/FileReaderView.swift",
      "kind": "StringLiteral",
      "offset": 474,
      "length": 28,
      "value": "\"wv.io\/FileReader_\""
    },
    {
      "filePath": "\/Users\/jinhua\/Desktop\/项目代码\/NAS_Aliyun\/flutter-nas\/cloud_nas_plugin\/pub\/flutter_filereader-3.0.0\/ios\/Classes\/FileReaderView.swift",
      "kind": "StringLiteral",
      "offset": 501,
      "length": 30,
      "value": "\"\""
    },
    {
      "filePath": "\/Users\/jinhua\/Desktop\/项目代码\/NAS_Aliyun\/flutter-nas\/cloud_nas_plugin\/pub\/flutter_filereader-3.0.0\/ios\/Classes\/FileReaderView.swift",
      "kind": "StringLiteral",
      "offset": 628,
      "length": 10,
      "value": "\"openFile\""
    },
    {
      "filePath": "\/Users\/jinhua\/Desktop\/项目代码\/NAS_Aliyun\/flutter-nas\/cloud_nas_plugin\/pub\/flutter_filereader-3.0.0\/ios\/Classes\/FileReaderView.swift",
      "kind": "BooleanLiteral",
      "offset": 872,
      "length": 4,
      "value": "true"
    },
    {
      "filePath": "\/Users\/jinhua\/Desktop\/项目代码\/NAS_Aliyun\/flutter-nas\/cloud_nas_plugin\/pub\/flutter_filereader-3.0.0\/ios\/Classes\/FileReaderView.swift",
      "kind": "BooleanLiteral",
      "offset": 928,
      "length": 5,
      "value": "false"
    },
    {
      "filePath": "\/Users\/jinhua\/Desktop\/项目代码\/NAS_Aliyun\/flutter-nas\/cloud_nas_plugin\/pub\/flutter_filereader-3.0.0\/ios\/Classes\/FileReaderView.swift",
      "kind": "StringLiteral",
      "offset": 1020,
      "length": 9,
      "value": "\"canOpen\""
    },
    {
      "filePath": "\/Users\/jinhua\/Desktop\/项目代码\/NAS_Aliyun\/flutter-nas\/cloud_nas_plugin\/pub\/flutter_filereader-3.0.0\/ios\/Classes\/FileReaderView.swift",
      "kind": "StringLiteral",
      "offset": 127,
      "length": 14,
      "value": "\"flutter_filereader.FileReaderView\""
    },
    {
      "filePath": "\/Users\/jinhua\/Desktop\/项目代码\/NAS_Aliyun\/flutter-nas\/cloud_nas_plugin\/pub\/flutter_filereader-3.0.0\/ios\/Classes\/SwiftFlutterFileReaderPlugin.swift",
      "kind": "Array",
      "offset": 53,
      "length": 95,
      "value": "[\"docx\", \"doc\", \"xlsx\", \"xls\", \"pptx\", \"ppt\", \"pdf\", \"txt\", \"jpg\", \"jpeg\", \"png\", \"key\", \"numbers\", \"pages\"]"
    },
    {
      "filePath": "\/Users\/jinhua\/Desktop\/项目代码\/NAS_Aliyun\/flutter-nas\/cloud_nas_plugin\/pub\/flutter_filereader-3.0.0\/ios\/Classes\/SwiftFlutterFileReaderPlugin.swift",
      "kind": "BooleanLiteral",
      "offset": 275,
      "length": 4,
      "value": "true"
    },
    {
      "filePath": "\/Users\/jinhua\/Desktop\/项目代码\/NAS_Aliyun\/flutter-nas\/cloud_nas_plugin\/pub\/flutter_filereader-3.0.0\/ios\/Classes\/SwiftFlutterFileReaderPlugin.swift",
      "kind": "BooleanLiteral",
      "offset": 297,
      "length": 5,
      "value": "false"
    },
    {
      "filePath": "\/Users\/jinhua\/Desktop\/项目代码\/NAS_Aliyun\/flutter-nas\/cloud_nas_plugin\/pub\/flutter_filereader-3.0.0\/ios\/Classes\/SwiftFlutterFileReaderPlugin.swift",
      "kind": "StringLiteral",
      "offset": 371,
      "length": 2,
      "value": "\"\""
    },
    {
      "filePath": "\/Users\/jinhua\/Desktop\/项目代码\/NAS_Aliyun\/flutter-nas\/cloud_nas_plugin\/pub\/flutter_filereader-3.0.0\/ios\/Classes\/SwiftFlutterFileReaderPlugin.swift",
      "kind": "StringLiteral",
      "offset": 520,
      "length": 3,
      "value": "\".\""
    },
    {
      "filePath": "\/Users\/jinhua\/Desktop\/项目代码\/NAS_Aliyun\/flutter-nas\/cloud_nas_plugin\/pub\/flutter_filereader-3.0.0\/ios\/Classes\/SwiftFlutterFileReaderPlugin.swift",
      "kind": "IntegerLiteral",
      "offset": 619,
      "length": 1,
      "value": "1"
    },
    {
      "filePath": "\/Users\/jinhua\/Desktop\/项目代码\/NAS_Aliyun\/flutter-nas\/cloud_nas_plugin\/pub\/flutter_filereader-3.0.0\/ios\/Classes\/SwiftFlutterFileReaderPlugin.swift",
      "kind": "StringLiteral",
      "offset": 757,
      "length": 18,
      "value": "\"wv.io\/FileReader\""
    },
    {
      "filePath": "\/Users\/jinhua\/Desktop\/项目代码\/NAS_Aliyun\/flutter-nas\/cloud_nas_plugin\/pub\/flutter_filereader-3.0.0\/ios\/Classes\/SwiftFlutterFileReaderPlugin.swift",
      "kind": "StringLiteral",
      "offset": 1164,
      "length": 12,
      "value": "\"FileReader\""
    },
    {
      "filePath": "\/Users\/jinhua\/Desktop\/项目代码\/NAS_Aliyun\/flutter-nas\/cloud_nas_plugin\/pub\/flutter_filereader-3.0.0\/ios\/Classes\/SwiftFlutterFileReaderPlugin.swift",
      "kind": "StringLiteral",
      "offset": 1303,
      "length": 8,
      "value": "\"isLoad\""
    },
    {
      "filePath": "\/Users\/jinhua\/Desktop\/项目代码\/NAS_Aliyun\/flutter-nas\/cloud_nas_plugin\/pub\/flutter_filereader-3.0.0\/ios\/Classes\/SwiftFlutterFileReaderPlugin.swift",
      "kind": "IntegerLiteral",
      "offset": 1329,
      "length": 1,
      "value": "5"
    }
  ]
}