{
  "ABIRoot": {
    "kind": "Root",
    "name": "TopLevel",
    "printedName": "TopLevel",
    "children": [
      {
        "kind": "Import",
        "name": "Sentry",
        "printedName": "Sentry",
        "declKind": "Import",
        "moduleName": "sentry_flutter"
      },
      {
        "kind": "Import",
        "name": "Flutter",
        "printedName": "Flutter",
        "declKind": "Import",
        "moduleName": "sentry_flutter"
      },
      {
        "kind": "Import",
        "name": "UIKit",
        "printedName": "UIKit",
        "declKind": "Import",
        "moduleName": "sentry_flutter"
      },
      {
        "kind": "TypeDecl",
        "name": "SentryFlutterPluginApple",
        "printedName": "SentryFlutterPluginApple",
        "children": [
          {
            "kind": "Function",
            "name": "register",
            "printedName": "register(with:)",
            "children": [
              {
                "kind": "TypeNominal",
                "name": "Void",
                "printedName": "()"
              },
              {
                "kind": "TypeNominal",
                "name": "FlutterPluginRegistrar",
                "printedName": "Flutter.FlutterPluginRegistrar",
                "usr": "c:objc(pl)FlutterPluginRegistrar"
              }
            ],
            "declKind": "Func",
            "usr": "c:@M@sentry_flutter@objc(cs)SentryFlutterPluginApple(cm)registerWithRegistrar:",
            "mangledName": "$s14sentry_flutter24SentryFlutterPluginAppleC8register4withySo0dE9Registrar_p_tFZ",
            "moduleName": "sentry_flutter",
            "static": true,
            "objc_name": "registerWithRegistrar:",
            "declAttributes": [
              "Final",
              "ObjC",
              "AccessControl"
            ],
            "funcSelfKind": "NonMutating"
          },
          {
            "kind": "Function",
            "name": "handle",
            "printedName": "handle(_:result:)",
            "children": [
              {
                "kind": "TypeNominal",
                "name": "Void",
                "printedName": "()"
              },
              {
                "kind": "TypeNominal",
                "name": "FlutterMethodCall",
                "printedName": "Flutter.FlutterMethodCall",
                "usr": "c:objc(cs)FlutterMethodCall"
              },
              {
                "kind": "TypeFunc",
                "name": "Function",
                "printedName": "(Any?) -> ()",
                "children": [
                  {
                    "kind": "TypeNominal",
                    "name": "Void",
                    "printedName": "()"
                  },
                  {
                    "kind": "TypeNominal",
                    "name": "Optional",
                    "printedName": "Any?",
                    "children": [
                      {
                        "kind": "TypeNominal",
                        "name": "ProtocolComposition",
                        "printedName": "Any"
                      }
                    ],
                    "usr": "s:Sq"
                  }
                ]
              }
            ],
            "declKind": "Func",
            "usr": "c:@M@sentry_flutter@objc(cs)SentryFlutterPluginApple(im)handleMethodCall:result:",
            "mangledName": "$s14sentry_flutter24SentryFlutterPluginAppleC6handle_6resultySo0D10MethodCallC_yypSgctF",
            "moduleName": "sentry_flutter",
            "objc_name": "handleMethodCall:result:",
            "declAttributes": [
              "ObjC",
              "AccessControl",
              "RawDocComment"
            ],
            "funcSelfKind": "NonMutating"
          },
          {
            "kind": "Constructor",
            "name": "init",
            "printedName": "init()",
            "children": [
              {
                "kind": "TypeNominal",
                "name": "SentryFlutterPluginApple",
                "printedName": "sentry_flutter.SentryFlutterPluginApple",
                "usr": "c:@M@sentry_flutter@objc(cs)SentryFlutterPluginApple"
              }
            ],
            "declKind": "Constructor",
            "usr": "c:@M@sentry_flutter@objc(cs)SentryFlutterPluginApple(im)init",
            "mangledName": "$s14sentry_flutter24SentryFlutterPluginAppleCACycfc",
            "moduleName": "sentry_flutter",
            "overriding": true,
            "implicit": true,
            "objc_name": "init",
            "declAttributes": [
              "Dynamic",
              "ObjC",
              "Override"
            ],
            "init_kind": "Designated"
          }
        ],
        "declKind": "Class",
        "usr": "c:@M@sentry_flutter@objc(cs)SentryFlutterPluginApple",
        "mangledName": "$s14sentry_flutter24SentryFlutterPluginAppleC",
        "moduleName": "sentry_flutter",
        "declAttributes": [
          "AccessControl",
          "RawDocComment",
          "ObjC"
        ],
        "superclassUsr": "c:objc(cs)NSObject",
        "inheritsConvenienceInitializers": true,
        "superclassNames": [
          "ObjectiveC.NSObject"
        ],
        "conformances": [
          {
            "kind": "Conformance",
            "name": "Equatable",
            "printedName": "Equatable",
            "usr": "s:SQ",
            "mangledName": "$sSQ"
          },
          {
            "kind": "Conformance",
            "name": "Hashable",
            "printedName": "Hashable",
            "usr": "s:SH",
            "mangledName": "$sSH"
          },
          {
            "kind": "Conformance",
            "name": "CVarArg",
            "printedName": "CVarArg",
            "usr": "s:s7CVarArgP",
            "mangledName": "$ss7CVarArgP"
          },
          {
            "kind": "Conformance",
            "name": "_KeyValueCodingAndObservingPublishing",
            "printedName": "_KeyValueCodingAndObservingPublishing",
            "usr": "s:10Foundation37_KeyValueCodingAndObservingPublishingP",
            "mangledName": "$s10Foundation37_KeyValueCodingAndObservingPublishingP"
          },
          {
            "kind": "Conformance",
            "name": "_KeyValueCodingAndObserving",
            "printedName": "_KeyValueCodingAndObserving",
            "usr": "s:10Foundation27_KeyValueCodingAndObservingP",
            "mangledName": "$s10Foundation27_KeyValueCodingAndObservingP"
          },
          {
            "kind": "Conformance",
            "name": "CustomStringConvertible",
            "printedName": "CustomStringConvertible",
            "usr": "s:s23CustomStringConvertibleP",
            "mangledName": "$ss23CustomStringConvertibleP"
          },
          {
            "kind": "Conformance",
            "name": "CustomDebugStringConvertible",
            "printedName": "CustomDebugStringConvertible",
            "usr": "s:s28CustomDebugStringConvertibleP",
            "mangledName": "$ss28CustomDebugStringConvertibleP"
          }
        ]
      }
    ],
    "json_format_version": 8
  },
  "ConstValues": [
    {
      "filePath": "\/Users\/jinhua\/Desktop\/项目代码\/NAS_Aliyun\/flutter-nas\/cloud_nas_plugin\/pub\/sentry_flutter-6.6.3\/ios\/Classes\/SentryFlutterPluginApple.swift",
      "kind": "BooleanLiteral",
      "offset": 560,
      "length": 5,
      "value": "false"
    },
    {
      "filePath": "\/Users\/jinhua\/Desktop\/项目代码\/NAS_Aliyun\/flutter-nas\/cloud_nas_plugin\/pub\/sentry_flutter-6.6.3\/ios\/Classes\/SentryFlutterPluginApple.swift",
      "kind": "StringLiteral",
      "offset": 931,
      "length": 16,
      "value": "\"sentry_flutter\""
    },
    {
      "filePath": "\/Users\/jinhua\/Desktop\/项目代码\/NAS_Aliyun\/flutter-nas\/cloud_nas_plugin\/pub\/sentry_flutter-6.6.3\/ios\/Classes\/SentryFlutterPluginApple.swift",
      "kind": "BooleanLiteral",
      "offset": 1724,
      "length": 4,
      "value": "true"
    },
    {
      "filePath": "\/Users\/jinhua\/Desktop\/项目代码\/NAS_Aliyun\/flutter-nas\/cloud_nas_plugin\/pub\/sentry_flutter-6.6.3\/ios\/Classes\/SentryFlutterPluginApple.swift",
      "kind": "StringLiteral",
      "offset": 2222,
      "length": 14,
      "value": "\"loadContexts\""
    },
    {
      "filePath": "\/Users\/jinhua\/Desktop\/项目代码\/NAS_Aliyun\/flutter-nas\/cloud_nas_plugin\/pub\/sentry_flutter-6.6.3\/ios\/Classes\/SentryFlutterPluginApple.swift",
      "kind": "StringLiteral",
      "offset": 2293,
      "length": 15,
      "value": "\"initNativeSdk\""
    },
    {
      "filePath": "\/Users\/jinhua\/Desktop\/项目代码\/NAS_Aliyun\/flutter-nas\/cloud_nas_plugin\/pub\/sentry_flutter-6.6.3\/ios\/Classes\/SentryFlutterPluginApple.swift",
      "kind": "StringLiteral",
      "offset": 2372,
      "length": 16,
      "value": "\"closeNativeSdk\""
    },
    {
      "filePath": "\/Users\/jinhua\/Desktop\/项目代码\/NAS_Aliyun\/flutter-nas\/cloud_nas_plugin\/pub\/sentry_flutter-6.6.3\/ios\/Classes\/SentryFlutterPluginApple.swift",
      "kind": "StringLiteral",
      "offset": 2453,
      "length": 17,
      "value": "\"captureEnvelope\""
    },
    {
      "filePath": "\/Users\/jinhua\/Desktop\/项目代码\/NAS_Aliyun\/flutter-nas\/cloud_nas_plugin\/pub\/sentry_flutter-6.6.3\/ios\/Classes\/SentryFlutterPluginApple.swift",
      "kind": "StringLiteral",
      "offset": 2536,
      "length": 21,
      "value": "\"fetchNativeAppStart\""
    },
    {
      "filePath": "\/Users\/jinhua\/Desktop\/项目代码\/NAS_Aliyun\/flutter-nas\/cloud_nas_plugin\/pub\/sentry_flutter-6.6.3\/ios\/Classes\/SentryFlutterPluginApple.swift",
      "kind": "StringLiteral",
      "offset": 2621,
      "length": 19,
      "value": "\"beginNativeFrames\""
    },
    {
      "filePath": "\/Users\/jinhua\/Desktop\/项目代码\/NAS_Aliyun\/flutter-nas\/cloud_nas_plugin\/pub\/sentry_flutter-6.6.3\/ios\/Classes\/SentryFlutterPluginApple.swift",
      "kind": "StringLiteral",
      "offset": 2702,
      "length": 17,
      "value": "\"endNativeFrames\""
    },
    {
      "filePath": "\/Users\/jinhua\/Desktop\/项目代码\/NAS_Aliyun\/flutter-nas\/cloud_nas_plugin\/pub\/sentry_flutter-6.6.3\/ios\/Classes\/SentryFlutterPluginApple.swift",
      "kind": "StringLiteral",
      "offset": 2779,
      "length": 13,
      "value": "\"setContexts\""
    },
    {
      "filePath": "\/Users\/jinhua\/Desktop\/项目代码\/NAS_Aliyun\/flutter-nas\/cloud_nas_plugin\/pub\/sentry_flutter-6.6.3\/ios\/Classes\/SentryFlutterPluginApple.swift",
      "kind": "StringLiteral",
      "offset": 2889,
      "length": 5,
      "value": "\"key\""
    },
    {
      "filePath": "\/Users\/jinhua\/Desktop\/项目代码\/NAS_Aliyun\/flutter-nas\/cloud_nas_plugin\/pub\/sentry_flutter-6.6.3\/ios\/Classes\/SentryFlutterPluginApple.swift",
      "kind": "StringLiteral",
      "offset": 2942,
      "length": 7,
      "value": "\"value\""
    },
    {
      "filePath": "\/Users\/jinhua\/Desktop\/项目代码\/NAS_Aliyun\/flutter-nas\/cloud_nas_plugin\/pub\/sentry_flutter-6.6.3\/ios\/Classes\/SentryFlutterPluginApple.swift",
      "kind": "StringLiteral",
      "offset": 3037,
      "length": 9,
      "value": "\"setUser\""
    },
    {
      "filePath": "\/Users\/jinhua\/Desktop\/项目代码\/NAS_Aliyun\/flutter-nas\/cloud_nas_plugin\/pub\/sentry_flutter-6.6.3\/ios\/Classes\/SentryFlutterPluginApple.swift",
      "kind": "StringLiteral",
      "offset": 3144,
      "length": 6,
      "value": "\"user\""
    },
    {
      "filePath": "\/Users\/jinhua\/Desktop\/项目代码\/NAS_Aliyun\/flutter-nas\/cloud_nas_plugin\/pub\/sentry_flutter-6.6.3\/ios\/Classes\/SentryFlutterPluginApple.swift",
      "kind": "StringLiteral",
      "offset": 3233,
      "length": 15,
      "value": "\"addBreadcrumb\""
    },
    {
      "filePath": "\/Users\/jinhua\/Desktop\/项目代码\/NAS_Aliyun\/flutter-nas\/cloud_nas_plugin\/pub\/sentry_flutter-6.6.3\/ios\/Classes\/SentryFlutterPluginApple.swift",
      "kind": "StringLiteral",
      "offset": 3352,
      "length": 12,
      "value": "\"breadcrumb\""
    },
    {
      "filePath": "\/Users\/jinhua\/Desktop\/项目代码\/NAS_Aliyun\/flutter-nas\/cloud_nas_plugin\/pub\/sentry_flutter-6.6.3\/ios\/Classes\/SentryFlutterPluginApple.swift",
      "kind": "StringLiteral",
      "offset": 3465,
      "length": 18,
      "value": "\"clearBreadcrumbs\""
    },
    {
      "filePath": "\/Users\/jinhua\/Desktop\/项目代码\/NAS_Aliyun\/flutter-nas\/cloud_nas_plugin\/pub\/sentry_flutter-6.6.3\/ios\/Classes\/SentryFlutterPluginApple.swift",
      "kind": "StringLiteral",
      "offset": 3544,
      "length": 10,
      "value": "\"setExtra\""
    },
    {
      "filePath": "\/Users\/jinhua\/Desktop\/项目代码\/NAS_Aliyun\/flutter-nas\/cloud_nas_plugin\/pub\/sentry_flutter-6.6.3\/ios\/Classes\/SentryFlutterPluginApple.swift",
      "kind": "StringLiteral",
      "offset": 3651,
      "length": 5,
      "value": "\"key\""
    },
    {
      "filePath": "\/Users\/jinhua\/Desktop\/项目代码\/NAS_Aliyun\/flutter-nas\/cloud_nas_plugin\/pub\/sentry_flutter-6.6.3\/ios\/Classes\/SentryFlutterPluginApple.swift",
      "kind": "StringLiteral",
      "offset": 3704,
      "length": 7,
      "value": "\"value\""
    },
    {
      "filePath": "\/Users\/jinhua\/Desktop\/项目代码\/NAS_Aliyun\/flutter-nas\/cloud_nas_plugin\/pub\/sentry_flutter-6.6.3\/ios\/Classes\/SentryFlutterPluginApple.swift",
      "kind": "StringLiteral",
      "offset": 3796,
      "length": 13,
      "value": "\"removeExtra\""
    },
    {
      "filePath": "\/Users\/jinhua\/Desktop\/项目代码\/NAS_Aliyun\/flutter-nas\/cloud_nas_plugin\/pub\/sentry_flutter-6.6.3\/ios\/Classes\/SentryFlutterPluginApple.swift",
      "kind": "StringLiteral",
      "offset": 3906,
      "length": 5,
      "value": "\"key\""
    },
    {
      "filePath": "\/Users\/jinhua\/Desktop\/项目代码\/NAS_Aliyun\/flutter-nas\/cloud_nas_plugin\/pub\/sentry_flutter-6.6.3\/ios\/Classes\/SentryFlutterPluginApple.swift",
      "kind": "StringLiteral",
      "offset": 3988,
      "length": 8,
      "value": "\"setTag\""
    },
    {
      "filePath": "\/Users\/jinhua\/Desktop\/项目代码\/NAS_Aliyun\/flutter-nas\/cloud_nas_plugin\/pub\/sentry_flutter-6.6.3\/ios\/Classes\/SentryFlutterPluginApple.swift",
      "kind": "StringLiteral",
      "offset": 4093,
      "length": 5,
      "value": "\"key\""
    },
    {
      "filePath": "\/Users\/jinhua\/Desktop\/项目代码\/NAS_Aliyun\/flutter-nas\/cloud_nas_plugin\/pub\/sentry_flutter-6.6.3\/ios\/Classes\/SentryFlutterPluginApple.swift",
      "kind": "StringLiteral",
      "offset": 4146,
      "length": 7,
      "value": "\"value\""
    },
    {
      "filePath": "\/Users\/jinhua\/Desktop\/项目代码\/NAS_Aliyun\/flutter-nas\/cloud_nas_plugin\/pub\/sentry_flutter-6.6.3\/ios\/Classes\/SentryFlutterPluginApple.swift",
      "kind": "StringLiteral",
      "offset": 4239,
      "length": 11,
      "value": "\"removeTag\""
    },
    {
      "filePath": "\/Users\/jinhua\/Desktop\/项目代码\/NAS_Aliyun\/flutter-nas\/cloud_nas_plugin\/pub\/sentry_flutter-6.6.3\/ios\/Classes\/SentryFlutterPluginApple.swift",
      "kind": "StringLiteral",
      "offset": 4347,
      "length": 5,
      "value": "\"key\""
    },
    {
      "filePath": "\/Users\/jinhua\/Desktop\/项目代码\/NAS_Aliyun\/flutter-nas\/cloud_nas_plugin\/pub\/sentry_flutter-6.6.3\/ios\/Classes\/SentryFlutterPluginApple.swift",
      "kind": "StringLiteral",
      "offset": 4751,
      "length": 9,
      "value": "\"context\""
    },
    {
      "filePath": "\/Users\/jinhua\/Desktop\/项目代码\/NAS_Aliyun\/flutter-nas\/cloud_nas_plugin\/pub\/sentry_flutter-6.6.3\/ios\/Classes\/SentryFlutterPluginApple.swift",
      "kind": "StringLiteral",
      "offset": 4788,
      "length": 10,
      "value": "\"contexts\""
    },
    {
      "filePath": "\/Users\/jinhua\/Desktop\/项目代码\/NAS_Aliyun\/flutter-nas\/cloud_nas_plugin\/pub\/sentry_flutter-6.6.3\/ios\/Classes\/SentryFlutterPluginApple.swift",
      "kind": "StringLiteral",
      "offset": 4852,
      "length": 6,
      "value": "\"tags\""
    },
    {
      "filePath": "\/Users\/jinhua\/Desktop\/项目代码\/NAS_Aliyun\/flutter-nas\/cloud_nas_plugin\/pub\/sentry_flutter-6.6.3\/ios\/Classes\/SentryFlutterPluginApple.swift",
      "kind": "StringLiteral",
      "offset": 4905,
      "length": 6,
      "value": "\"tags\""
    },
    {
      "filePath": "\/Users\/jinhua\/Desktop\/项目代码\/NAS_Aliyun\/flutter-nas\/cloud_nas_plugin\/pub\/sentry_flutter-6.6.3\/ios\/Classes\/SentryFlutterPluginApple.swift",
      "kind": "StringLiteral",
      "offset": 4977,
      "length": 7,
      "value": "\"extra\""
    },
    {
      "filePath": "\/Users\/jinhua\/Desktop\/项目代码\/NAS_Aliyun\/flutter-nas\/cloud_nas_plugin\/pub\/sentry_flutter-6.6.3\/ios\/Classes\/SentryFlutterPluginApple.swift",
      "kind": "StringLiteral",
      "offset": 5028,
      "length": 7,
      "value": "\"extra\""
    },
    {
      "filePath": "\/Users\/jinhua\/Desktop\/项目代码\/NAS_Aliyun\/flutter-nas\/cloud_nas_plugin\/pub\/sentry_flutter-6.6.3\/ios\/Classes\/SentryFlutterPluginApple.swift",
      "kind": "StringLiteral",
      "offset": 5101,
      "length": 6,
      "value": "\"user\""
    },
    {
      "filePath": "\/Users\/jinhua\/Desktop\/项目代码\/NAS_Aliyun\/flutter-nas\/cloud_nas_plugin\/pub\/sentry_flutter-6.6.3\/ios\/Classes\/SentryFlutterPluginApple.swift",
      "kind": "StringLiteral",
      "offset": 5151,
      "length": 6,
      "value": "\"user\""
    },
    {
      "filePath": "\/Users\/jinhua\/Desktop\/项目代码\/NAS_Aliyun\/flutter-nas\/cloud_nas_plugin\/pub\/sentry_flutter-6.6.3\/ios\/Classes\/SentryFlutterPluginApple.swift",
      "kind": "StringLiteral",
      "offset": 5222,
      "length": 6,
      "value": "\"dist\""
    },
    {
      "filePath": "\/Users\/jinhua\/Desktop\/项目代码\/NAS_Aliyun\/flutter-nas\/cloud_nas_plugin\/pub\/sentry_flutter-6.6.3\/ios\/Classes\/SentryFlutterPluginApple.swift",
      "kind": "StringLiteral",
      "offset": 5265,
      "length": 6,
      "value": "\"dist\""
    },
    {
      "filePath": "\/Users\/jinhua\/Desktop\/项目代码\/NAS_Aliyun\/flutter-nas\/cloud_nas_plugin\/pub\/sentry_flutter-6.6.3\/ios\/Classes\/SentryFlutterPluginApple.swift",
      "kind": "StringLiteral",
      "offset": 5343,
      "length": 13,
      "value": "\"environment\""
    },
    {
      "filePath": "\/Users\/jinhua\/Desktop\/项目代码\/NAS_Aliyun\/flutter-nas\/cloud_nas_plugin\/pub\/sentry_flutter-6.6.3\/ios\/Classes\/SentryFlutterPluginApple.swift",
      "kind": "StringLiteral",
      "offset": 5393,
      "length": 13,
      "value": "\"environment\""
    },
    {
      "filePath": "\/Users\/jinhua\/Desktop\/项目代码\/NAS_Aliyun\/flutter-nas\/cloud_nas_plugin\/pub\/sentry_flutter-6.6.3\/ios\/Classes\/SentryFlutterPluginApple.swift",
      "kind": "StringLiteral",
      "offset": 5485,
      "length": 13,
      "value": "\"fingerprint\""
    },
    {
      "filePath": "\/Users\/jinhua\/Desktop\/项目代码\/NAS_Aliyun\/flutter-nas\/cloud_nas_plugin\/pub\/sentry_flutter-6.6.3\/ios\/Classes\/SentryFlutterPluginApple.swift",
      "kind": "StringLiteral",
      "offset": 5537,
      "length": 13,
      "value": "\"fingerprint\""
    },
    {
      "filePath": "\/Users\/jinhua\/Desktop\/项目代码\/NAS_Aliyun\/flutter-nas\/cloud_nas_plugin\/pub\/sentry_flutter-6.6.3\/ios\/Classes\/SentryFlutterPluginApple.swift",
      "kind": "StringLiteral",
      "offset": 5623,
      "length": 7,
      "value": "\"level\""
    },
    {
      "filePath": "\/Users\/jinhua\/Desktop\/项目代码\/NAS_Aliyun\/flutter-nas\/cloud_nas_plugin\/pub\/sentry_flutter-6.6.3\/ios\/Classes\/SentryFlutterPluginApple.swift",
      "kind": "StringLiteral",
      "offset": 5667,
      "length": 7,
      "value": "\"level\""
    },
    {
      "filePath": "\/Users\/jinhua\/Desktop\/项目代码\/NAS_Aliyun\/flutter-nas\/cloud_nas_plugin\/pub\/sentry_flutter-6.6.3\/ios\/Classes\/SentryFlutterPluginApple.swift",
      "kind": "StringLiteral",
      "offset": 5747,
      "length": 13,
      "value": "\"breadcrumbs\""
    },
    {
      "filePath": "\/Users\/jinhua\/Desktop\/项目代码\/NAS_Aliyun\/flutter-nas\/cloud_nas_plugin\/pub\/sentry_flutter-6.6.3\/ios\/Classes\/SentryFlutterPluginApple.swift",
      "kind": "StringLiteral",
      "offset": 5806,
      "length": 13,
      "value": "\"breadcrumbs\""
    },
    {
      "filePath": "\/Users\/jinhua\/Desktop\/项目代码\/NAS_Aliyun\/flutter-nas\/cloud_nas_plugin\/pub\/sentry_flutter-6.6.3\/ios\/Classes\/SentryFlutterPluginApple.swift",
      "kind": "StringLiteral",
      "offset": 5892,
      "length": 6,
      "value": "\"user\""
    },
    {
      "filePath": "\/Users\/jinhua\/Desktop\/项目代码\/NAS_Aliyun\/flutter-nas\/cloud_nas_plugin\/pub\/sentry_flutter-6.6.3\/ios\/Classes\/SentryFlutterPluginApple.swift",
      "kind": "StringLiteral",
      "offset": 5942,
      "length": 6,
      "value": "\"user\""
    },
    {
      "filePath": "\/Users\/jinhua\/Desktop\/项目代码\/NAS_Aliyun\/flutter-nas\/cloud_nas_plugin\/pub\/sentry_flutter-6.6.3\/ios\/Classes\/SentryFlutterPluginApple.swift",
      "kind": "StringLiteral",
      "offset": 6000,
      "length": 6,
      "value": "\"user\""
    },
    {
      "filePath": "\/Users\/jinhua\/Desktop\/项目代码\/NAS_Aliyun\/flutter-nas\/cloud_nas_plugin\/pub\/sentry_flutter-6.6.3\/ios\/Classes\/SentryFlutterPluginApple.swift",
      "kind": "StringLiteral",
      "offset": 6011,
      "length": 4,
      "value": "\"id\""
    },
    {
      "filePath": "\/Users\/jinhua\/Desktop\/项目代码\/NAS_Aliyun\/flutter-nas\/cloud_nas_plugin\/pub\/sentry_flutter-6.6.3\/ios\/Classes\/SentryFlutterPluginApple.swift",
      "kind": "StringLiteral",
      "offset": 6160,
      "length": 14,
      "value": "\"integrations\""
    },
    {
      "filePath": "\/Users\/jinhua\/Desktop\/项目代码\/NAS_Aliyun\/flutter-nas\/cloud_nas_plugin\/pub\/sentry_flutter-6.6.3\/ios\/Classes\/SentryFlutterPluginApple.swift",
      "kind": "StringLiteral",
      "offset": 6287,
      "length": 9,
      "value": "\"package\""
    },
    {
      "filePath": "\/Users\/jinhua\/Desktop\/项目代码\/NAS_Aliyun\/flutter-nas\/cloud_nas_plugin\/pub\/sentry_flutter-6.6.3\/ios\/Classes\/SentryFlutterPluginApple.swift",
      "kind": "StringLiteral",
      "offset": 6301,
      "length": 9,
      "value": "\"version\""
    },
    {
      "filePath": "\/Users\/jinhua\/Desktop\/项目代码\/NAS_Aliyun\/flutter-nas\/cloud_nas_plugin\/pub\/sentry_flutter-6.6.3\/ios\/Classes\/SentryFlutterPluginApple.swift",
      "kind": "StringLiteral",
      "offset": 6626,
      "length": 28,
      "value": "\"Arguments is null or empty\""
    },
    {
      "filePath": "\/Users\/jinhua\/Desktop\/项目代码\/NAS_Aliyun\/flutter-nas\/cloud_nas_plugin\/pub\/sentry_flutter-6.6.3\/ios\/Classes\/SentryFlutterPluginApple.swift",
      "kind": "StringLiteral",
      "offset": 6694,
      "length": 3,
      "value": "\"4\""
    },
    {
      "filePath": "\/Users\/jinhua\/Desktop\/项目代码\/NAS_Aliyun\/flutter-nas\/cloud_nas_plugin\/pub\/sentry_flutter-6.6.3\/ios\/Classes\/SentryFlutterPluginApple.swift",
      "kind": "StringLiteral",
      "offset": 6708,
      "length": 28,
      "value": "\"Arguments is null or empty\""
    },
    {
      "filePath": "\/Users\/jinhua\/Desktop\/项目代码\/NAS_Aliyun\/flutter-nas\/cloud_nas_plugin\/pub\/sentry_flutter-6.6.3\/ios\/Classes\/SentryFlutterPluginApple.swift",
      "kind": "StringLiteral",
      "offset": 6917,
      "length": 31,
      "value": "\"enableAutoPerformanceTracking\""
    },
    {
      "filePath": "\/Users\/jinhua\/Desktop\/项目代码\/NAS_Aliyun\/flutter-nas\/cloud_nas_plugin\/pub\/sentry_flutter-6.6.3\/ios\/Classes\/SentryFlutterPluginApple.swift",
      "kind": "BooleanLiteral",
      "offset": 6962,
      "length": 5,
      "value": "false"
    },
    {
      "filePath": "\/Users\/jinhua\/Desktop\/项目代码\/NAS_Aliyun\/flutter-nas\/cloud_nas_plugin\/pub\/sentry_flutter-6.6.3\/ios\/Classes\/SentryFlutterPluginApple.swift",
      "kind": "BooleanLiteral",
      "offset": 7042,
      "length": 4,
      "value": "true"
    },
    {
      "filePath": "\/Users\/jinhua\/Desktop\/项目代码\/NAS_Aliyun\/flutter-nas\/cloud_nas_plugin\/pub\/sentry_flutter-6.6.3\/ios\/Classes\/SentryFlutterPluginApple.swift",
      "kind": "BooleanLiteral",
      "offset": 7187,
      "length": 4,
      "value": "true"
    },
    {
      "filePath": "\/Users\/jinhua\/Desktop\/项目代码\/NAS_Aliyun\/flutter-nas\/cloud_nas_plugin\/pub\/sentry_flutter-6.6.3\/ios\/Classes\/SentryFlutterPluginApple.swift",
      "kind": "StringLiteral",
      "offset": 7582,
      "length": 10,
      "value": "\"packages\""
    },
    {
      "filePath": "\/Users\/jinhua\/Desktop\/项目代码\/NAS_Aliyun\/flutter-nas\/cloud_nas_plugin\/pub\/sentry_flutter-6.6.3\/ios\/Classes\/SentryFlutterPluginApple.swift",
      "kind": "StringLiteral",
      "offset": 7658,
      "length": 10,
      "value": "\"packages\""
    },
    {
      "filePath": "\/Users\/jinhua\/Desktop\/项目代码\/NAS_Aliyun\/flutter-nas\/cloud_nas_plugin\/pub\/sentry_flutter-6.6.3\/ios\/Classes\/SentryFlutterPluginApple.swift",
      "kind": "StringLiteral",
      "offset": 7717,
      "length": 10,
      "value": "\"packages\""
    },
    {
      "filePath": "\/Users\/jinhua\/Desktop\/项目代码\/NAS_Aliyun\/flutter-nas\/cloud_nas_plugin\/pub\/sentry_flutter-6.6.3\/ios\/Classes\/SentryFlutterPluginApple.swift",
      "kind": "StringLiteral",
      "offset": 7837,
      "length": 10,
      "value": "\"packages\""
    },
    {
      "filePath": "\/Users\/jinhua\/Desktop\/项目代码\/NAS_Aliyun\/flutter-nas\/cloud_nas_plugin\/pub\/sentry_flutter-6.6.3\/ios\/Classes\/SentryFlutterPluginApple.swift",
      "kind": "StringLiteral",
      "offset": 7961,
      "length": 14,
      "value": "\"integrations\""
    },
    {
      "filePath": "\/Users\/jinhua\/Desktop\/项目代码\/NAS_Aliyun\/flutter-nas\/cloud_nas_plugin\/pub\/sentry_flutter-6.6.3\/ios\/Classes\/SentryFlutterPluginApple.swift",
      "kind": "StringLiteral",
      "offset": 8045,
      "length": 14,
      "value": "\"integrations\""
    },
    {
      "filePath": "\/Users\/jinhua\/Desktop\/项目代码\/NAS_Aliyun\/flutter-nas\/cloud_nas_plugin\/pub\/sentry_flutter-6.6.3\/ios\/Classes\/SentryFlutterPluginApple.swift",
      "kind": "StringLiteral",
      "offset": 8108,
      "length": 14,
      "value": "\"integrations\""
    },
    {
      "filePath": "\/Users\/jinhua\/Desktop\/项目代码\/NAS_Aliyun\/flutter-nas\/cloud_nas_plugin\/pub\/sentry_flutter-6.6.3\/ios\/Classes\/SentryFlutterPluginApple.swift",
      "kind": "StringLiteral",
      "offset": 8240,
      "length": 14,
      "value": "\"integrations\""
    },
    {
      "filePath": "\/Users\/jinhua\/Desktop\/项目代码\/NAS_Aliyun\/flutter-nas\/cloud_nas_plugin\/pub\/sentry_flutter-6.6.3\/ios\/Classes\/SentryFlutterPluginApple.swift",
      "kind": "BooleanLiteral",
      "offset": 8534,
      "length": 4,
      "value": "true"
    },
    {
      "filePath": "\/Users\/jinhua\/Desktop\/项目代码\/NAS_Aliyun\/flutter-nas\/cloud_nas_plugin\/pub\/sentry_flutter-6.6.3\/ios\/Classes\/SentryFlutterPluginApple.swift",
      "kind": "BooleanLiteral",
      "offset": 8586,
      "length": 4,
      "value": "true"
    },
    {
      "filePath": "\/Users\/jinhua\/Desktop\/项目代码\/NAS_Aliyun\/flutter-nas\/cloud_nas_plugin\/pub\/sentry_flutter-6.6.3\/ios\/Classes\/SentryFlutterPluginApple.swift",
      "kind": "StringLiteral",
      "offset": 8871,
      "length": 32,
      "value": "\"SentryHybridSdkDidBecomeActive\""
    },
    {
      "filePath": "\/Users\/jinhua\/Desktop\/项目代码\/NAS_Aliyun\/flutter-nas\/cloud_nas_plugin\/pub\/sentry_flutter-6.6.3\/ios\/Classes\/SentryFlutterPluginApple.swift",
      "kind": "BooleanLiteral",
      "offset": 9030,
      "length": 5,
      "value": "false"
    },
    {
      "filePath": "\/Users\/jinhua\/Desktop\/项目代码\/NAS_Aliyun\/flutter-nas\/cloud_nas_plugin\/pub\/sentry_flutter-6.6.3\/ios\/Classes\/SentryFlutterPluginApple.swift",
      "kind": "StringLiteral",
      "offset": 9061,
      "length": 2,
      "value": "\"\""
    },
    {
      "filePath": "\/Users\/jinhua\/Desktop\/项目代码\/NAS_Aliyun\/flutter-nas\/cloud_nas_plugin\/pub\/sentry_flutter-6.6.3\/ios\/Classes\/SentryFlutterPluginApple.swift",
      "kind": "StringLiteral",
      "offset": 9207,
      "length": 2,
      "value": "\"\""
    },
    {
      "filePath": "\/Users\/jinhua\/Desktop\/项目代码\/NAS_Aliyun\/flutter-nas\/cloud_nas_plugin\/pub\/sentry_flutter-6.6.3\/ios\/Classes\/SentryFlutterPluginApple.swift",
      "kind": "StringLiteral",
      "offset": 9378,
      "length": 5,
      "value": "\"dsn\""
    },
    {
      "filePath": "\/Users\/jinhua\/Desktop\/项目代码\/NAS_Aliyun\/flutter-nas\/cloud_nas_plugin\/pub\/sentry_flutter-6.6.3\/ios\/Classes\/SentryFlutterPluginApple.swift",
      "kind": "StringLiteral",
      "offset": 9474,
      "length": 7,
      "value": "\"debug\""
    },
    {
      "filePath": "\/Users\/jinhua\/Desktop\/项目代码\/NAS_Aliyun\/flutter-nas\/cloud_nas_plugin\/pub\/sentry_flutter-6.6.3\/ios\/Classes\/SentryFlutterPluginApple.swift",
      "kind": "StringLiteral",
      "offset": 9580,
      "length": 13,
      "value": "\"environment\""
    },
    {
      "filePath": "\/Users\/jinhua\/Desktop\/项目代码\/NAS_Aliyun\/flutter-nas\/cloud_nas_plugin\/pub\/sentry_flutter-6.6.3\/ios\/Classes\/SentryFlutterPluginApple.swift",
      "kind": "StringLiteral",
      "offset": 9704,
      "length": 9,
      "value": "\"release\""
    },
    {
      "filePath": "\/Users\/jinhua\/Desktop\/项目代码\/NAS_Aliyun\/flutter-nas\/cloud_nas_plugin\/pub\/sentry_flutter-6.6.3\/ios\/Classes\/SentryFlutterPluginApple.swift",
      "kind": "StringLiteral",
      "offset": 9838,
      "length": 27,
      "value": "\"enableAutoSessionTracking\""
    },
    {
      "filePath": "\/Users\/jinhua\/Desktop\/项目代码\/NAS_Aliyun\/flutter-nas\/cloud_nas_plugin\/pub\/sentry_flutter-6.6.3\/ios\/Classes\/SentryFlutterPluginApple.swift",
      "kind": "StringLiteral",
      "offset": 10007,
      "length": 18,
      "value": "\"attachStacktrace\""
    },
    {
      "filePath": "\/Users\/jinhua\/Desktop\/项目代码\/NAS_Aliyun\/flutter-nas\/cloud_nas_plugin\/pub\/sentry_flutter-6.6.3\/ios\/Classes\/SentryFlutterPluginApple.swift",
      "kind": "StringLiteral",
      "offset": 10148,
      "length": 17,
      "value": "\"diagnosticLevel\""
    },
    {
      "filePath": "\/Users\/jinhua\/Desktop\/项目代码\/NAS_Aliyun\/flutter-nas\/cloud_nas_plugin\/pub\/sentry_flutter-6.6.3\/ios\/Classes\/SentryFlutterPluginApple.swift",
      "kind": "BooleanLiteral",
      "offset": 10196,
      "length": 4,
      "value": "true"
    },
    {
      "filePath": "\/Users\/jinhua\/Desktop\/项目代码\/NAS_Aliyun\/flutter-nas\/cloud_nas_plugin\/pub\/sentry_flutter-6.6.3\/ios\/Classes\/SentryFlutterPluginApple.swift",
      "kind": "StringLiteral",
      "offset": 10356,
      "length": 35,
      "value": "\"autoSessionTrackingIntervalMillis\""
    },
    {
      "filePath": "\/Users\/jinhua\/Desktop\/项目代码\/NAS_Aliyun\/flutter-nas\/cloud_nas_plugin\/pub\/sentry_flutter-6.6.3\/ios\/Classes\/SentryFlutterPluginApple.swift",
      "kind": "StringLiteral",
      "offset": 10529,
      "length": 6,
      "value": "\"dist\""
    },
    {
      "filePath": "\/Users\/jinhua\/Desktop\/项目代码\/NAS_Aliyun\/flutter-nas\/cloud_nas_plugin\/pub\/sentry_flutter-6.6.3\/ios\/Classes\/SentryFlutterPluginApple.swift",
      "kind": "StringLiteral",
      "offset": 10648,
      "length": 29,
      "value": "\"enableAutoNativeBreadcrumbs\""
    },
    {
      "filePath": "\/Users\/jinhua\/Desktop\/项目代码\/NAS_Aliyun\/flutter-nas\/cloud_nas_plugin\/pub\/sentry_flutter-6.6.3\/ios\/Classes\/SentryFlutterPluginApple.swift",
      "kind": "BooleanLiteral",
      "offset": 10731,
      "length": 5,
      "value": "false"
    },
    {
      "filePath": "\/Users\/jinhua\/Desktop\/项目代码\/NAS_Aliyun\/flutter-nas\/cloud_nas_plugin\/pub\/sentry_flutter-6.6.3\/ios\/Classes\/SentryFlutterPluginApple.swift",
      "kind": "StringLiteral",
      "offset": 10847,
      "length": 41,
      "value": "\"SentryAutoBreadcrumbTrackingIntegration\""
    },
    {
      "filePath": "\/Users\/jinhua\/Desktop\/项目代码\/NAS_Aliyun\/flutter-nas\/cloud_nas_plugin\/pub\/sentry_flutter-6.6.3\/ios\/Classes\/SentryFlutterPluginApple.swift",
      "kind": "StringLiteral",
      "offset": 10967,
      "length": 27,
      "value": "\"enableNativeCrashHandling\""
    },
    {
      "filePath": "\/Users\/jinhua\/Desktop\/项目代码\/NAS_Aliyun\/flutter-nas\/cloud_nas_plugin\/pub\/sentry_flutter-6.6.3\/ios\/Classes\/SentryFlutterPluginApple.swift",
      "kind": "BooleanLiteral",
      "offset": 11046,
      "length": 5,
      "value": "false"
    },
    {
      "filePath": "\/Users\/jinhua\/Desktop\/项目代码\/NAS_Aliyun\/flutter-nas\/cloud_nas_plugin\/pub\/sentry_flutter-6.6.3\/ios\/Classes\/SentryFlutterPluginApple.swift",
      "kind": "StringLiteral",
      "offset": 11162,
      "length": 24,
      "value": "\"SentryCrashIntegration\""
    },
    {
      "filePath": "\/Users\/jinhua\/Desktop\/项目代码\/NAS_Aliyun\/flutter-nas\/cloud_nas_plugin\/pub\/sentry_flutter-6.6.3\/ios\/Classes\/SentryFlutterPluginApple.swift",
      "kind": "StringLiteral",
      "offset": 11254,
      "length": 16,
      "value": "\"maxBreadcrumbs\""
    },
    {
      "filePath": "\/Users\/jinhua\/Desktop\/项目代码\/NAS_Aliyun\/flutter-nas\/cloud_nas_plugin\/pub\/sentry_flutter-6.6.3\/ios\/Classes\/SentryFlutterPluginApple.swift",
      "kind": "StringLiteral",
      "offset": 11388,
      "length": 16,
      "value": "\"sendDefaultPii\""
    },
    {
      "filePath": "\/Users\/jinhua\/Desktop\/项目代码\/NAS_Aliyun\/flutter-nas\/cloud_nas_plugin\/pub\/sentry_flutter-6.6.3\/ios\/Classes\/SentryFlutterPluginApple.swift",
      "kind": "StringLiteral",
      "offset": 11521,
      "length": 15,
      "value": "\"maxCacheItems\""
    },
    {
      "filePath": "\/Users\/jinhua\/Desktop\/项目代码\/NAS_Aliyun\/flutter-nas\/cloud_nas_plugin\/pub\/sentry_flutter-6.6.3\/ios\/Classes\/SentryFlutterPluginApple.swift",
      "kind": "StringLiteral",
      "offset": 11663,
      "length": 27,
      "value": "\"enableOutOfMemoryTracking\""
    },
    {
      "filePath": "\/Users\/jinhua\/Desktop\/项目代码\/NAS_Aliyun\/flutter-nas\/cloud_nas_plugin\/pub\/sentry_flutter-6.6.3\/ios\/Classes\/SentryFlutterPluginApple.swift",
      "kind": "StringLiteral",
      "offset": 11833,
      "length": 19,
      "value": "\"sendClientReports\""
    },
    {
      "filePath": "\/Users\/jinhua\/Desktop\/项目代码\/NAS_Aliyun\/flutter-nas\/cloud_nas_plugin\/pub\/sentry_flutter-6.6.3\/ios\/Classes\/SentryFlutterPluginApple.swift",
      "kind": "StringLiteral",
      "offset": 12058,
      "length": 7,
      "value": "\"fatal\""
    },
    {
      "filePath": "\/Users\/jinhua\/Desktop\/项目代码\/NAS_Aliyun\/flutter-nas\/cloud_nas_plugin\/pub\/sentry_flutter-6.6.3\/ios\/Classes\/SentryFlutterPluginApple.swift",
      "kind": "StringLiteral",
      "offset": 12106,
      "length": 7,
      "value": "\"error\""
    },
    {
      "filePath": "\/Users\/jinhua\/Desktop\/项目代码\/NAS_Aliyun\/flutter-nas\/cloud_nas_plugin\/pub\/sentry_flutter-6.6.3\/ios\/Classes\/SentryFlutterPluginApple.swift",
      "kind": "StringLiteral",
      "offset": 12154,
      "length": 7,
      "value": "\"debug\""
    },
    {
      "filePath": "\/Users\/jinhua\/Desktop\/项目代码\/NAS_Aliyun\/flutter-nas\/cloud_nas_plugin\/pub\/sentry_flutter-6.6.3\/ios\/Classes\/SentryFlutterPluginApple.swift",
      "kind": "StringLiteral",
      "offset": 12202,
      "length": 9,
      "value": "\"warning\""
    },
    {
      "filePath": "\/Users\/jinhua\/Desktop\/项目代码\/NAS_Aliyun\/flutter-nas\/cloud_nas_plugin\/pub\/sentry_flutter-6.6.3\/ios\/Classes\/SentryFlutterPluginApple.swift",
      "kind": "StringLiteral",
      "offset": 12254,
      "length": 6,
      "value": "\"info\""
    },
    {
      "filePath": "\/Users\/jinhua\/Desktop\/项目代码\/NAS_Aliyun\/flutter-nas\/cloud_nas_plugin\/pub\/sentry_flutter-6.6.3\/ios\/Classes\/SentryFlutterPluginApple.swift",
      "kind": "StringLiteral",
      "offset": 12525,
      "length": 6,
      "value": "\"name\""
    },
    {
      "filePath": "\/Users\/jinhua\/Desktop\/项目代码\/NAS_Aliyun\/flutter-nas\/cloud_nas_plugin\/pub\/sentry_flutter-6.6.3\/ios\/Classes\/SentryFlutterPluginApple.swift",
      "kind": "StringLiteral",
      "offset": 12563,
      "length": 14,
      "value": "\"sentry.cocoa\""
    },
    {
      "filePath": "\/Users\/jinhua\/Desktop\/项目代码\/NAS_Aliyun\/flutter-nas\/cloud_nas_plugin\/pub\/sentry_flutter-6.6.3\/ios\/Classes\/SentryFlutterPluginApple.swift",
      "kind": "StringLiteral",
      "offset": 12995,
      "length": 5,
      "value": "\"ios\""
    },
    {
      "filePath": "\/Users\/jinhua\/Desktop\/项目代码\/NAS_Aliyun\/flutter-nas\/cloud_nas_plugin\/pub\/sentry_flutter-6.6.3\/ios\/Classes\/SentryFlutterPluginApple.swift",
      "kind": "StringLiteral",
      "offset": 13133,
      "length": 8,
      "value": "\"native\""
    },
    {
      "filePath": "\/Users\/jinhua\/Desktop\/项目代码\/NAS_Aliyun\/flutter-nas\/cloud_nas_plugin\/pub\/sentry_flutter-6.6.3\/ios\/Classes\/SentryFlutterPluginApple.swift",
      "kind": "StringLiteral",
      "offset": 13331,
      "length": 14,
      "value": "\"event.origin\""
    },
    {
      "filePath": "\/Users\/jinhua\/Desktop\/项目代码\/NAS_Aliyun\/flutter-nas\/cloud_nas_plugin\/pub\/sentry_flutter-6.6.3\/ios\/Classes\/SentryFlutterPluginApple.swift",
      "kind": "StringLiteral",
      "offset": 13376,
      "length": 19,
      "value": "\"event.environment\""
    },
    {
      "filePath": "\/Users\/jinhua\/Desktop\/项目代码\/NAS_Aliyun\/flutter-nas\/cloud_nas_plugin\/pub\/sentry_flutter-6.6.3\/ios\/Classes\/SentryFlutterPluginApple.swift",
      "kind": "StringLiteral",
      "offset": 13505,
      "length": 6,
      "value": "\"name\""
    },
    {
      "filePath": "\/Users\/jinhua\/Desktop\/项目代码\/NAS_Aliyun\/flutter-nas\/cloud_nas_plugin\/pub\/sentry_flutter-6.6.3\/ios\/Classes\/SentryFlutterPluginApple.swift",
      "kind": "BooleanLiteral",
      "offset": 13550,
      "length": 5,
      "value": "false"
    },
    {
      "filePath": "\/Users\/jinhua\/Desktop\/项目代码\/NAS_Aliyun\/flutter-nas\/cloud_nas_plugin\/pub\/sentry_flutter-6.6.3\/ios\/Classes\/SentryFlutterPluginApple.swift",
      "kind": "StringLiteral",
      "offset": 13891,
      "length": 29,
      "value": "\"Envelope is null or empty !\""
    },
    {
      "filePath": "\/Users\/jinhua\/Desktop\/项目代码\/NAS_Aliyun\/flutter-nas\/cloud_nas_plugin\/pub\/sentry_flutter-6.6.3\/ios\/Classes\/SentryFlutterPluginApple.swift",
      "kind": "StringLiteral",
      "offset": 13960,
      "length": 3,
      "value": "\"2\""
    },
    {
      "filePath": "\/Users\/jinhua\/Desktop\/项目代码\/NAS_Aliyun\/flutter-nas\/cloud_nas_plugin\/pub\/sentry_flutter-6.6.3\/ios\/Classes\/SentryFlutterPluginApple.swift",
      "kind": "StringLiteral",
      "offset": 13974,
      "length": 27,
      "value": "\"Envelope is null or empty\""
    },
    {
      "filePath": "\/Users\/jinhua\/Desktop\/项目代码\/NAS_Aliyun\/flutter-nas\/cloud_nas_plugin\/pub\/sentry_flutter-6.6.3\/ios\/Classes\/SentryFlutterPluginApple.swift",
      "kind": "StringLiteral",
      "offset": 14143,
      "length": 32,
      "value": "\"Cannot parse the envelope data\""
    },
    {
      "filePath": "\/Users\/jinhua\/Desktop\/项目代码\/NAS_Aliyun\/flutter-nas\/cloud_nas_plugin\/pub\/sentry_flutter-6.6.3\/ios\/Classes\/SentryFlutterPluginApple.swift",
      "kind": "StringLiteral",
      "offset": 14215,
      "length": 3,
      "value": "\"3\""
    },
    {
      "filePath": "\/Users\/jinhua\/Desktop\/项目代码\/NAS_Aliyun\/flutter-nas\/cloud_nas_plugin\/pub\/sentry_flutter-6.6.3\/ios\/Classes\/SentryFlutterPluginApple.swift",
      "kind": "StringLiteral",
      "offset": 14229,
      "length": 32,
      "value": "\"Cannot parse the envelope data\""
    },
    {
      "filePath": "\/Users\/jinhua\/Desktop\/项目代码\/NAS_Aliyun\/flutter-nas\/cloud_nas_plugin\/pub\/sentry_flutter-6.6.3\/ios\/Classes\/SentryFlutterPluginApple.swift",
      "kind": "StringLiteral",
      "offset": 14369,
      "length": 2,
      "value": "\"\""
    },
    {
      "filePath": "\/Users\/jinhua\/Desktop\/项目代码\/NAS_Aliyun\/flutter-nas\/cloud_nas_plugin\/pub\/sentry_flutter-6.6.3\/ios\/Classes\/SentryFlutterPluginApple.swift",
      "kind": "StringLiteral",
      "offset": 14573,
      "length": 38,
      "value": "\"warning: appStartMeasurement is null\""
    },
    {
      "filePath": "\/Users\/jinhua\/Desktop\/项目代码\/NAS_Aliyun\/flutter-nas\/cloud_nas_plugin\/pub\/sentry_flutter-6.6.3\/ios\/Classes\/SentryFlutterPluginApple.swift",
      "kind": "IntegerLiteral",
      "offset": 14756,
      "length": 4,
      "value": "1000"
    },
    {
      "filePath": "\/Users\/jinhua\/Desktop\/项目代码\/NAS_Aliyun\/flutter-nas\/cloud_nas_plugin\/pub\/sentry_flutter-6.6.3\/ios\/Classes\/SentryFlutterPluginApple.swift",
      "kind": "StringLiteral",
      "offset": 14870,
      "length": 14,
      "value": "\"appStartTime\""
    },
    {
      "filePath": "\/Users\/jinhua\/Desktop\/项目代码\/NAS_Aliyun\/flutter-nas\/cloud_nas_plugin\/pub\/sentry_flutter-6.6.3\/ios\/Classes\/SentryFlutterPluginApple.swift",
      "kind": "StringLiteral",
      "offset": 14912,
      "length": 13,
      "value": "\"isColdStart\""
    },
    {
      "filePath": "\/Users\/jinhua\/Desktop\/项目代码\/NAS_Aliyun\/flutter-nas\/cloud_nas_plugin\/pub\/sentry_flutter-6.6.3\/ios\/Classes\/SentryFlutterPluginApple.swift",
      "kind": "IntegerLiteral",
      "offset": 15014,
      "length": 1,
      "value": "0"
    },
    {
      "filePath": "\/Users\/jinhua\/Desktop\/项目代码\/NAS_Aliyun\/flutter-nas\/cloud_nas_plugin\/pub\/sentry_flutter-6.6.3\/ios\/Classes\/SentryFlutterPluginApple.swift",
      "kind": "IntegerLiteral",
      "offset": 15053,
      "length": 1,
      "value": "0"
    },
    {
      "filePath": "\/Users\/jinhua\/Desktop\/项目代码\/NAS_Aliyun\/flutter-nas\/cloud_nas_plugin\/pub\/sentry_flutter-6.6.3\/ios\/Classes\/SentryFlutterPluginApple.swift",
      "kind": "IntegerLiteral",
      "offset": 15090,
      "length": 1,
      "value": "0"
    },
    {
      "filePath": "\/Users\/jinhua\/Desktop\/项目代码\/NAS_Aliyun\/flutter-nas\/cloud_nas_plugin\/pub\/sentry_flutter-6.6.3\/ios\/Classes\/SentryFlutterPluginApple.swift",
      "kind": "StringLiteral",
      "offset": 15293,
      "length": 37,
      "value": "\"Native frames tracking not running.\""
    },
    {
      "filePath": "\/Users\/jinhua\/Desktop\/项目代码\/NAS_Aliyun\/flutter-nas\/cloud_nas_plugin\/pub\/sentry_flutter-6.6.3\/ios\/Classes\/SentryFlutterPluginApple.swift",
      "kind": "StringLiteral",
      "offset": 15830,
      "length": 37,
      "value": "\"Native frames tracking not running.\""
    },
    {
      "filePath": "\/Users\/jinhua\/Desktop\/项目代码\/NAS_Aliyun\/flutter-nas\/cloud_nas_plugin\/pub\/sentry_flutter-6.6.3\/ios\/Classes\/SentryFlutterPluginApple.swift",
      "kind": "IntegerLiteral",
      "offset": 16156,
      "length": 1,
      "value": "0"
    },
    {
      "filePath": "\/Users\/jinhua\/Desktop\/项目代码\/NAS_Aliyun\/flutter-nas\/cloud_nas_plugin\/pub\/sentry_flutter-6.6.3\/ios\/Classes\/SentryFlutterPluginApple.swift",
      "kind": "IntegerLiteral",
      "offset": 16171,
      "length": 1,
      "value": "0"
    },
    {
      "filePath": "\/Users\/jinhua\/Desktop\/项目代码\/NAS_Aliyun\/flutter-nas\/cloud_nas_plugin\/pub\/sentry_flutter-6.6.3\/ios\/Classes\/SentryFlutterPluginApple.swift",
      "kind": "IntegerLiteral",
      "offset": 16184,
      "length": 1,
      "value": "0"
    },
    {
      "filePath": "\/Users\/jinhua\/Desktop\/项目代码\/NAS_Aliyun\/flutter-nas\/cloud_nas_plugin\/pub\/sentry_flutter-6.6.3\/ios\/Classes\/SentryFlutterPluginApple.swift",
      "kind": "StringLiteral",
      "offset": 16276,
      "length": 13,
      "value": "\"totalFrames\""
    },
    {
      "filePath": "\/Users\/jinhua\/Desktop\/项目代码\/NAS_Aliyun\/flutter-nas\/cloud_nas_plugin\/pub\/sentry_flutter-6.6.3\/ios\/Classes\/SentryFlutterPluginApple.swift",
      "kind": "StringLiteral",
      "offset": 16308,
      "length": 14,
      "value": "\"frozenFrames\""
    },
    {
      "filePath": "\/Users\/jinhua\/Desktop\/项目代码\/NAS_Aliyun\/flutter-nas\/cloud_nas_plugin\/pub\/sentry_flutter-6.6.3\/ios\/Classes\/SentryFlutterPluginApple.swift",
      "kind": "StringLiteral",
      "offset": 16342,
      "length": 12,
      "value": "\"slowFrames\""
    },
    {
      "filePath": "\/Users\/jinhua\/Desktop\/项目代码\/NAS_Aliyun\/flutter-nas\/cloud_nas_plugin\/pub\/sentry_flutter-6.6.3\/ios\/Classes\/SentryFlutterPluginApple.swift",
      "kind": "StringLiteral",
      "offset": 16578,
      "length": 2,
      "value": "\"\""
    },
    {
      "filePath": "\/Users\/jinhua\/Desktop\/项目代码\/NAS_Aliyun\/flutter-nas\/cloud_nas_plugin\/pub\/sentry_flutter-6.6.3\/ios\/Classes\/SentryFlutterPluginApple.swift",
      "kind": "StringLiteral",
      "offset": 16855,
      "length": 7,
      "value": "\"value\""
    },
    {
      "filePath": "\/Users\/jinhua\/Desktop\/项目代码\/NAS_Aliyun\/flutter-nas\/cloud_nas_plugin\/pub\/sentry_flutter-6.6.3\/ios\/Classes\/SentryFlutterPluginApple.swift",
      "kind": "StringLiteral",
      "offset": 16962,
      "length": 7,
      "value": "\"value\""
    },
    {
      "filePath": "\/Users\/jinhua\/Desktop\/项目代码\/NAS_Aliyun\/flutter-nas\/cloud_nas_plugin\/pub\/sentry_flutter-6.6.3\/ios\/Classes\/SentryFlutterPluginApple.swift",
      "kind": "StringLiteral",
      "offset": 17072,
      "length": 7,
      "value": "\"value\""
    },
    {
      "filePath": "\/Users\/jinhua\/Desktop\/项目代码\/NAS_Aliyun\/flutter-nas\/cloud_nas_plugin\/pub\/sentry_flutter-6.6.3\/ios\/Classes\/SentryFlutterPluginApple.swift",
      "kind": "StringLiteral",
      "offset": 17181,
      "length": 7,
      "value": "\"value\""
    },
    {
      "filePath": "\/Users\/jinhua\/Desktop\/项目代码\/NAS_Aliyun\/flutter-nas\/cloud_nas_plugin\/pub\/sentry_flutter-6.6.3\/ios\/Classes\/SentryFlutterPluginApple.swift",
      "kind": "StringLiteral",
      "offset": 17232,
      "length": 2,
      "value": "\"\""
    },
    {
      "filePath": "\/Users\/jinhua\/Desktop\/项目代码\/NAS_Aliyun\/flutter-nas\/cloud_nas_plugin\/pub\/sentry_flutter-6.6.3\/ios\/Classes\/SentryFlutterPluginApple.swift",
      "kind": "StringLiteral",
      "offset": 17380,
      "length": 2,
      "value": "\"\""
    },
    {
      "filePath": "\/Users\/jinhua\/Desktop\/项目代码\/NAS_Aliyun\/flutter-nas\/cloud_nas_plugin\/pub\/sentry_flutter-6.6.3\/ios\/Classes\/SentryFlutterPluginApple.swift",
      "kind": "StringLiteral",
      "offset": 17502,
      "length": 2,
      "value": "\"\""
    },
    {
      "filePath": "\/Users\/jinhua\/Desktop\/项目代码\/NAS_Aliyun\/flutter-nas\/cloud_nas_plugin\/pub\/sentry_flutter-6.6.3\/ios\/Classes\/SentryFlutterPluginApple.swift",
      "kind": "StringLiteral",
      "offset": 17704,
      "length": 7,
      "value": "\"email\""
    },
    {
      "filePath": "\/Users\/jinhua\/Desktop\/项目代码\/NAS_Aliyun\/flutter-nas\/cloud_nas_plugin\/pub\/sentry_flutter-6.6.3\/ios\/Classes\/SentryFlutterPluginApple.swift",
      "kind": "StringLiteral",
      "offset": 17798,
      "length": 4,
      "value": "\"id\""
    },
    {
      "filePath": "\/Users\/jinhua\/Desktop\/项目代码\/NAS_Aliyun\/flutter-nas\/cloud_nas_plugin\/pub\/sentry_flutter-6.6.3\/ios\/Classes\/SentryFlutterPluginApple.swift",
      "kind": "StringLiteral",
      "offset": 17893,
      "length": 10,
      "value": "\"username\""
    },
    {
      "filePath": "\/Users\/jinhua\/Desktop\/项目代码\/NAS_Aliyun\/flutter-nas\/cloud_nas_plugin\/pub\/sentry_flutter-6.6.3\/ios\/Classes\/SentryFlutterPluginApple.swift",
      "kind": "StringLiteral",
      "offset": 18003,
      "length": 12,
      "value": "\"ip_address\""
    },
    {
      "filePath": "\/Users\/jinhua\/Desktop\/项目代码\/NAS_Aliyun\/flutter-nas\/cloud_nas_plugin\/pub\/sentry_flutter-6.6.3\/ios\/Classes\/SentryFlutterPluginApple.swift",
      "kind": "StringLiteral",
      "offset": 18114,
      "length": 8,
      "value": "\"extras\""
    },
    {
      "filePath": "\/Users\/jinhua\/Desktop\/项目代码\/NAS_Aliyun\/flutter-nas\/cloud_nas_plugin\/pub\/sentry_flutter-6.6.3\/ios\/Classes\/SentryFlutterPluginApple.swift",
      "kind": "StringLiteral",
      "offset": 18310,
      "length": 2,
      "value": "\"\""
    },
    {
      "filePath": "\/Users\/jinhua\/Desktop\/项目代码\/NAS_Aliyun\/flutter-nas\/cloud_nas_plugin\/pub\/sentry_flutter-6.6.3\/ios\/Classes\/SentryFlutterPluginApple.swift",
      "kind": "StringLiteral",
      "offset": 18540,
      "length": 2,
      "value": "\"\""
    },
    {
      "filePath": "\/Users\/jinhua\/Desktop\/项目代码\/NAS_Aliyun\/flutter-nas\/cloud_nas_plugin\/pub\/sentry_flutter-6.6.3\/ios\/Classes\/SentryFlutterPluginApple.swift",
      "kind": "StringLiteral",
      "offset": 18647,
      "length": 9,
      "value": "\"message\""
    },
    {
      "filePath": "\/Users\/jinhua\/Desktop\/项目代码\/NAS_Aliyun\/flutter-nas\/cloud_nas_plugin\/pub\/sentry_flutter-6.6.3\/ios\/Classes\/SentryFlutterPluginApple.swift",
      "kind": "StringLiteral",
      "offset": 18755,
      "length": 6,
      "value": "\"type\""
    },
    {
      "filePath": "\/Users\/jinhua\/Desktop\/项目代码\/NAS_Aliyun\/flutter-nas\/cloud_nas_plugin\/pub\/sentry_flutter-6.6.3\/ios\/Classes\/SentryFlutterPluginApple.swift",
      "kind": "StringLiteral",
      "offset": 18858,
      "length": 10,
      "value": "\"category\""
    },
    {
      "filePath": "\/Users\/jinhua\/Desktop\/项目代码\/NAS_Aliyun\/flutter-nas\/cloud_nas_plugin\/pub\/sentry_flutter-6.6.3\/ios\/Classes\/SentryFlutterPluginApple.swift",
      "kind": "StringLiteral",
      "offset": 18970,
      "length": 7,
      "value": "\"level\""
    },
    {
      "filePath": "\/Users\/jinhua\/Desktop\/项目代码\/NAS_Aliyun\/flutter-nas\/cloud_nas_plugin\/pub\/sentry_flutter-6.6.3\/ios\/Classes\/SentryFlutterPluginApple.swift",
      "kind": "StringLiteral",
      "offset": 19028,
      "length": 7,
      "value": "\"fatal\""
    },
    {
      "filePath": "\/Users\/jinhua\/Desktop\/项目代码\/NAS_Aliyun\/flutter-nas\/cloud_nas_plugin\/pub\/sentry_flutter-6.6.3\/ios\/Classes\/SentryFlutterPluginApple.swift",
      "kind": "StringLiteral",
      "offset": 19105,
      "length": 9,
      "value": "\"warning\""
    },
    {
      "filePath": "\/Users\/jinhua\/Desktop\/项目代码\/NAS_Aliyun\/flutter-nas\/cloud_nas_plugin\/pub\/sentry_flutter-6.6.3\/ios\/Classes\/SentryFlutterPluginApple.swift",
      "kind": "StringLiteral",
      "offset": 19186,
      "length": 6,
      "value": "\"info\""
    },
    {
      "filePath": "\/Users\/jinhua\/Desktop\/项目代码\/NAS_Aliyun\/flutter-nas\/cloud_nas_plugin\/pub\/sentry_flutter-6.6.3\/ios\/Classes\/SentryFlutterPluginApple.swift",
      "kind": "StringLiteral",
      "offset": 19261,
      "length": 7,
      "value": "\"debug\""
    },
    {
      "filePath": "\/Users\/jinhua\/Desktop\/项目代码\/NAS_Aliyun\/flutter-nas\/cloud_nas_plugin\/pub\/sentry_flutter-6.6.3\/ios\/Classes\/SentryFlutterPluginApple.swift",
      "kind": "StringLiteral",
      "offset": 19338,
      "length": 7,
      "value": "\"error\""
    },
    {
      "filePath": "\/Users\/jinhua\/Desktop\/项目代码\/NAS_Aliyun\/flutter-nas\/cloud_nas_plugin\/pub\/sentry_flutter-6.6.3\/ios\/Classes\/SentryFlutterPluginApple.swift",
      "kind": "StringLiteral",
      "offset": 19523,
      "length": 6,
      "value": "\"data\""
    },
    {
      "filePath": "\/Users\/jinhua\/Desktop\/项目代码\/NAS_Aliyun\/flutter-nas\/cloud_nas_plugin\/pub\/sentry_flutter-6.6.3\/ios\/Classes\/SentryFlutterPluginApple.swift",
      "kind": "StringLiteral",
      "offset": 19681,
      "length": 2,
      "value": "\"\""
    },
    {
      "filePath": "\/Users\/jinhua\/Desktop\/项目代码\/NAS_Aliyun\/flutter-nas\/cloud_nas_plugin\/pub\/sentry_flutter-6.6.3\/ios\/Classes\/SentryFlutterPluginApple.swift",
      "kind": "StringLiteral",
      "offset": 19852,
      "length": 2,
      "value": "\"\""
    },
    {
      "filePath": "\/Users\/jinhua\/Desktop\/项目代码\/NAS_Aliyun\/flutter-nas\/cloud_nas_plugin\/pub\/sentry_flutter-6.6.3\/ios\/Classes\/SentryFlutterPluginApple.swift",
      "kind": "StringLiteral",
      "offset": 20007,
      "length": 2,
      "value": "\"\""
    },
    {
      "filePath": "\/Users\/jinhua\/Desktop\/项目代码\/NAS_Aliyun\/flutter-nas\/cloud_nas_plugin\/pub\/sentry_flutter-6.6.3\/ios\/Classes\/SentryFlutterPluginApple.swift",
      "kind": "StringLiteral",
      "offset": 20139,
      "length": 2,
      "value": "\"\""
    },
    {
      "filePath": "\/Users\/jinhua\/Desktop\/项目代码\/NAS_Aliyun\/flutter-nas\/cloud_nas_plugin\/pub\/sentry_flutter-6.6.3\/ios\/Classes\/SentryFlutterPluginApple.swift",
      "kind": "StringLiteral",
      "offset": 20284,
      "length": 2,
      "value": "\"\""
    },
    {
      "filePath": "\/Users\/jinhua\/Desktop\/项目代码\/NAS_Aliyun\/flutter-nas\/cloud_nas_plugin\/pub\/sentry_flutter-6.6.3\/ios\/Classes\/SentryFlutterPluginApple.swift",
      "kind": "StringLiteral",
      "offset": 20405,
      "length": 2,
      "value": "\"\""
    },
    {
      "filePath": "\/Users\/jinhua\/Desktop\/项目代码\/NAS_Aliyun\/flutter-nas\/cloud_nas_plugin\/pub\/sentry_flutter-6.6.3\/ios\/Classes\/SentryFlutterPluginApple.swift",
      "kind": "StringLiteral",
      "offset": 20580,
      "length": 2,
      "value": "\"\""
    },
    {
      "filePath": "\/Users\/jinhua\/Desktop\/项目代码\/NAS_Aliyun\/flutter-nas\/cloud_nas_plugin\/pub\/sentry_flutter-6.6.3\/ios\/Classes\/SentryFlutterPluginApple.swift",
      "kind": "StringLiteral",
      "offset": 20710,
      "length": 2,
      "value": "\"\""
    },
    {
      "filePath": "\/Users\/jinhua\/Desktop\/项目代码\/NAS_Aliyun\/flutter-nas\/cloud_nas_plugin\/pub\/sentry_flutter-6.6.3\/ios\/Classes\/SentryFlutterPluginApple.swift",
      "kind": "StringLiteral",
      "offset": 20853,
      "length": 2,
      "value": "\"\""
    },
    {
      "filePath": "\/Users\/jinhua\/Desktop\/项目代码\/NAS_Aliyun\/flutter-nas\/cloud_nas_plugin\/pub\/sentry_flutter-6.6.3\/ios\/Classes\/SentryFlutterPluginApple.swift",
      "kind": "StringLiteral",
      "offset": 20972,
      "length": 2,
      "value": "\"\""
    }
  ]
}