{
  "ABIRoot": {
    "kind": "Root",
    "name": "TopLevel",
    "printedName": "TopLevel",
    "children": [
      {
        "kind": "Import",
        "name": "CommonCrypto",
        "printedName": "CommonCrypto",
        "declKind": "Import",
        "moduleName": "md5_file_checksum"
      },
      {
        "kind": "Import",
        "name": "CryptoKit",
        "printedName": "CryptoKit",
        "declKind": "Import",
        "moduleName": "md5_file_checksum"
      },
      {
        "kind": "Import",
        "name": "Flutter",
        "printedName": "Flutter",
        "declKind": "Import",
        "moduleName": "md5_file_checksum"
      },
      {
        "kind": "Import",
        "name": "UIKit",
        "printedName": "UIKit",
        "declKind": "Import",
        "moduleName": "md5_file_checksum"
      },
      {
        "kind": "TypeDecl",
        "name": "SwiftMd5FileChecksumPlugin",
        "printedName": "SwiftMd5FileChecksumPlugin",
        "children": [
          {
            "kind": "Function",
            "name": "register",
            "printedName": "register(with:)",
            "children": [
              {
                "kind": "TypeNominal",
                "name": "Void",
                "printedName": "()"
              },
              {
                "kind": "TypeNominal",
                "name": "FlutterPluginRegistrar",
                "printedName": "Flutter.FlutterPluginRegistrar",
                "usr": "c:objc(pl)FlutterPluginRegistrar"
              }
            ],
            "declKind": "Func",
            "usr": "c:@M@md5_file_checksum@objc(cs)SwiftMd5FileChecksumPlugin(cm)registerWithRegistrar:",
            "mangledName": "$s17md5_file_checksum26SwiftMd5FileChecksumPluginC8register4withySo07FlutterH9Registrar_p_tFZ",
            "moduleName": "md5_file_checksum",
            "static": true,
            "objc_name": "registerWithRegistrar:",
            "declAttributes": [
              "Final",
              "ObjC",
              "AccessControl"
            ],
            "funcSelfKind": "NonMutating"
          },
          {
            "kind": "Function",
            "name": "getFileChecksumFilePath",
            "printedName": "getFileChecksumFilePath(_:error:)",
            "children": [
              {
                "kind": "TypeNominal",
                "name": "Optional",
                "printedName": "Swift.String?",
                "children": [
                  {
                    "kind": "TypeNominal",
                    "name": "String",
                    "printedName": "Swift.String",
                    "usr": "s:SS"
                  }
                ],
                "usr": "s:Sq"
              },
              {
                "kind": "TypeNominal",
                "name": "String",
                "printedName": "Swift.String",
                "usr": "s:SS"
              },
              {
                "kind": "TypeNominal",
                "name": "AutoreleasingUnsafeMutablePointer",
                "printedName": "Swift.AutoreleasingUnsafeMutablePointer<Flutter.FlutterError?>",
                "children": [
                  {
                    "kind": "TypeNominal",
                    "name": "Optional",
                    "printedName": "Flutter.FlutterError?",
                    "children": [
                      {
                        "kind": "TypeNominal",
                        "name": "FlutterError",
                        "printedName": "Flutter.FlutterError",
                        "usr": "c:objc(cs)FlutterError"
                      }
                    ],
                    "usr": "s:Sq"
                  }
                ],
                "usr": "s:SA"
              }
            ],
            "declKind": "Func",
            "usr": "c:@M@md5_file_checksum@objc(cs)SwiftMd5FileChecksumPlugin(im)getFileChecksumFilePath:error:",
            "mangledName": "$s17md5_file_checksum26SwiftMd5FileChecksumPluginC03getfgF4Path_5errorSSSgSS_SAySo12FlutterErrorCSgGtF",
            "moduleName": "md5_file_checksum",
            "objc_name": "getFileChecksumFilePath:error:",
            "declAttributes": [
              "ObjC",
              "AccessControl"
            ],
            "funcSelfKind": "NonMutating"
          },
          {
            "kind": "Constructor",
            "name": "init",
            "printedName": "init()",
            "children": [
              {
                "kind": "TypeNominal",
                "name": "SwiftMd5FileChecksumPlugin",
                "printedName": "md5_file_checksum.SwiftMd5FileChecksumPlugin",
                "usr": "c:@M@md5_file_checksum@objc(cs)SwiftMd5FileChecksumPlugin"
              }
            ],
            "declKind": "Constructor",
            "usr": "c:@M@md5_file_checksum@objc(cs)SwiftMd5FileChecksumPlugin(im)init",
            "mangledName": "$s17md5_file_checksum26SwiftMd5FileChecksumPluginCACycfc",
            "moduleName": "md5_file_checksum",
            "overriding": true,
            "implicit": true,
            "objc_name": "init",
            "declAttributes": [
              "Dynamic",
              "ObjC",
              "Override"
            ],
            "init_kind": "Designated"
          }
        ],
        "declKind": "Class",
        "usr": "c:@M@md5_file_checksum@objc(cs)SwiftMd5FileChecksumPlugin",
        "mangledName": "$s17md5_file_checksum26SwiftMd5FileChecksumPluginC",
        "moduleName": "md5_file_checksum",
        "declAttributes": [
          "AccessControl",
          "ObjC"
        ],
        "superclassUsr": "c:objc(cs)NSObject",
        "inheritsConvenienceInitializers": true,
        "superclassNames": [
          "ObjectiveC.NSObject"
        ],
        "conformances": [
          {
            "kind": "Conformance",
            "name": "Equatable",
            "printedName": "Equatable",
            "usr": "s:SQ",
            "mangledName": "$sSQ"
          },
          {
            "kind": "Conformance",
            "name": "Hashable",
            "printedName": "Hashable",
            "usr": "s:SH",
            "mangledName": "$sSH"
          },
          {
            "kind": "Conformance",
            "name": "CVarArg",
            "printedName": "CVarArg",
            "usr": "s:s7CVarArgP",
            "mangledName": "$ss7CVarArgP"
          },
          {
            "kind": "Conformance",
            "name": "_KeyValueCodingAndObservingPublishing",
            "printedName": "_KeyValueCodingAndObservingPublishing",
            "usr": "s:10Foundation37_KeyValueCodingAndObservingPublishingP",
            "mangledName": "$s10Foundation37_KeyValueCodingAndObservingPublishingP"
          },
          {
            "kind": "Conformance",
            "name": "_KeyValueCodingAndObserving",
            "printedName": "_KeyValueCodingAndObserving",
            "usr": "s:10Foundation27_KeyValueCodingAndObservingP",
            "mangledName": "$s10Foundation27_KeyValueCodingAndObservingP"
          },
          {
            "kind": "Conformance",
            "name": "CustomStringConvertible",
            "printedName": "CustomStringConvertible",
            "usr": "s:s23CustomStringConvertibleP",
            "mangledName": "$ss23CustomStringConvertibleP"
          },
          {
            "kind": "Conformance",
            "name": "CustomDebugStringConvertible",
            "printedName": "CustomDebugStringConvertible",
            "usr": "s:s28CustomDebugStringConvertibleP",
            "mangledName": "$ss28CustomDebugStringConvertibleP"
          }
        ]
      }
    ],
    "json_format_version": 8
  },
  "ConstValues": [
    {
      "filePath": "\/Users\/jinhua\/flutter-3.0.0\/.pub-cache\/hosted\/pub.dartlang.org\/md5_file_checksum-1.0.4\/ios\/Classes\/Md5FileChecksum.swift",
      "kind": "IntegerLiteral",
      "offset": 517,
      "length": 2,
      "value": "16"
    },
    {
      "filePath": "\/Users\/jinhua\/flutter-3.0.0\/.pub-cache\/hosted\/pub.dartlang.org\/md5_file_checksum-1.0.4\/ios\/Classes\/Md5FileChecksum.swift",
      "kind": "IntegerLiteral",
      "offset": 522,
      "length": 4,
      "value": "1024"
    },
    {
      "filePath": "\/Users\/jinhua\/flutter-3.0.0\/.pub-cache\/hosted\/pub.dartlang.org\/md5_file_checksum-1.0.4\/ios\/Classes\/Md5FileChecksum.swift",
      "kind": "IntegerLiteral",
      "offset": 902,
      "length": 1,
      "value": "0"
    },
    {
      "filePath": "\/Users\/jinhua\/flutter-3.0.0\/.pub-cache\/hosted\/pub.dartlang.org\/md5_file_checksum-1.0.4\/ios\/Classes\/Md5FileChecksum.swift",
      "kind": "BooleanLiteral",
      "offset": 960,
      "length": 4,
      "value": "true"
    },
    {
      "filePath": "\/Users\/jinhua\/flutter-3.0.0\/.pub-cache\/hosted\/pub.dartlang.org\/md5_file_checksum-1.0.4\/ios\/Classes\/Md5FileChecksum.swift",
      "kind": "BooleanLiteral",
      "offset": 1013,
      "length": 5,
      "value": "false"
    },
    {
      "filePath": "\/Users\/jinhua\/flutter-3.0.0\/.pub-cache\/hosted\/pub.dartlang.org\/md5_file_checksum-1.0.4\/ios\/Classes\/Md5FileChecksum.swift",
      "kind": "IntegerLiteral",
      "offset": 1488,
      "length": 1,
      "value": "0"
    },
    {
      "filePath": "\/Users\/jinhua\/flutter-3.0.0\/.pub-cache\/hosted\/pub.dartlang.org\/md5_file_checksum-1.0.4\/ios\/Classes\/Md5FileChecksum.swift",
      "kind": "BooleanLiteral",
      "offset": 1645,
      "length": 4,
      "value": "true"
    },
    {
      "filePath": "\/Users\/jinhua\/flutter-3.0.0\/.pub-cache\/hosted\/pub.dartlang.org\/md5_file_checksum-1.0.4\/ios\/Classes\/Md5FileChecksum.swift",
      "kind": "BooleanLiteral",
      "offset": 1698,
      "length": 5,
      "value": "false"
    },
    {
      "filePath": "\/Users\/jinhua\/flutter-3.0.0\/.pub-cache\/hosted\/pub.dartlang.org\/md5_file_checksum-1.0.4\/ios\/Classes\/Md5FileChecksum.swift",
      "kind": "IntegerLiteral",
      "offset": 1813,
      "length": 1,
      "value": "0"
    },
    {
      "filePath": "\/Users\/jinhua\/flutter-3.0.0\/.pub-cache\/hosted\/pub.dartlang.org\/md5_file_checksum-1.0.4\/ios\/Classes\/SwiftMd5FileChecksumPlugin.swift",
      "kind": "StringLiteral",
      "offset": 711,
      "length": 20,
      "value": "\"PLATFORM_EXCEPTION\""
    },
    {
      "filePath": "\/Users\/jinhua\/flutter-3.0.0\/.pub-cache\/hosted\/pub.dartlang.org\/md5_file_checksum-1.0.4\/ios\/Classes\/SwiftMd5FileChecksumPlugin.swift",
      "kind": "StringLiteral",
      "offset": 852,
      "length": 2,
      "value": "\"\""
    }
  ]
}